sensor_id;sensor_type;location;lat;lon;timestamp;P1;P4;P2;P0;N10;N4;N25;N1;N05;TS
61354;SPS30;47226;5.148.554.199;543.575.943;2021-04-26T00:01:48;Mrz 81;Mrz 80;Mrz 77;Mrz 53;28.18;28.18;28.16;28. Apr;24.41;0.57
61354;SPS30;47226;5.148.554.199;543.575.943;2021-04-26T00:04:15;Mrz 67;Mrz 66;Mrz 61;Mrz 36;26.88;26.87;26.85;26.71;23.23;0.57
61354;SPS30;47226;5.148.554.199;543.575.943;2021-04-26T00:06:41;Mrz 88;Mrz 87;Mrz 82;Mrz 55;28.38;28.37;28.35;28.20;24.52;0.57
61354;SPS30;47226;5.148.554.199;543.575.943;2021-04-26T00:09:07;Mrz 79;Mrz 79;Mrz 75;Mrz 50;27.96;27.96;27.94;27.81;24.20;0.57
61354;SPS30;47226;5.148.554.199;543.575.943;2021-04-26T00:11:33;Mrz 89;Mrz 89;Mrz 85;Mrz 59;28.66;28.66;28.64;28.50;24.80;0.57
61354;SPS30;47226;5.148.554.199;543.575.943;2021-04-26T00:13:58;Mrz 70;Mrz 69;Mrz 65;Mrz 41;27.21;27.21;27.19;27. Jun;23.55;0.56
61354;SPS30;47226;5.148.554.199;543.575.943;2021-04-26T00:16:24;Mrz 66;Mrz 66;Mrz 64;Mrz 43;27.35;27.35;27.33;27.24;23.74;0.56
61354;SPS30;47226;5.148.554.199;543.575.943;2021-04-26T00:18:50;Mrz 69;Mrz 69;Mrz 68;Mrz 46;27.64;27.63;27.62;27.53;24.00;0.55
61354;SPS30;47226;5.148.554.199;543.575.943;2021-04-26T00:21:16;Mrz 37;Mrz 37;Mrz 36;Mrz 17;25.34;25.33;25.32;25.24;22. Feb;0.56
61354;SPS30;47226;5.148.554.199;543.575.943;2021-04-26T00:23:41;Mrz 70;Mrz 70;Mrz 67;Mrz 44;27.47;27.46;27.45;27.34;23.81;0.57
61354;SPS30;47226;5.148.554.199;543.575.943;2021-04-26T00:26:08;Mrz 88;Mrz 87;Mrz 83;Mrz 58;28.59;28.58;28.56;28.43;24.75;0.58
61354;SPS30;47226;5.148.554.199;543.575.943;2021-04-26T00:28:34;Mrz 83;Mrz 82;Mrz 77;Mrz 50;27.96;27.96;27.93;27.78;24.15;0.59
61354;SPS30;47226;5.148.554.199;543.575.943;2021-04-26T00:30:59;Mrz 66;Mrz 65;Mrz 60;Mrz 34;26.67;26.66;26.64;26.49;23. Feb;0.60
61354;SPS30;47226;5.148.554.199;543.575.943;2021-04-26T00:33:27;Mrz 65;Mrz 65;Mrz 62;Mrz 38;27. Feb;27. Feb;27.00;26.88;23.41;0.58
61354;SPS30;47226;5.148.554.199;543.575.943;2021-04-26T00:35:53;Mrz 67;Mrz 67;Mrz 65;Mrz 43;27.36;27.35;27.34;27.23;23.73;0.58
61354;SPS30;47226;5.148.554.199;543.575.943;2021-04-26T00:38:19;Mrz 73;Mrz 73;Mrz 70;Mrz 48;27.75;27.75;27.73;27.62;24. Jul;0.58
61354;SPS30;47226;5.148.554.199;543.575.943;2021-04-26T00:40:44;Mrz 97;Mrz 96;Mrz 94;Mrz 70;29.54;29.53;29.52;29.41;25.63;0.58
61354;SPS30;47226;5.148.554.199;543.575.943;2021-04-26T00:43:10;Mrz 77;Mrz 77;Mrz 76;Mrz 54;28.28;28.27;28.26;28.17;24.57;0.56
61354;SPS30;47226;5.148.554.199;543.575.943;2021-04-26T00:45:36;Mrz 77;Mrz 76;Mrz 73;Mrz 49;27.87;27.86;27.84;27.72;24.14;0.56
61354;SPS30;47226;5.148.554.199;543.575.943;2021-04-26T00:48:02;Mrz 56;Mrz 55;Mrz 53;Mrz 31;26.47;26.47;26.45;26.35;22.96;0.57
61354;SPS30;47226;5.148.554.199;543.575.943;2021-04-26T00:50:32;Mrz 61;Mrz 61;Mrz 58;Mrz 35;26.76;26.76;26.74;26.63;23.19;0.58
61354;SPS30;47226;5.148.554.199;543.575.943;2021-04-26T00:52:58;Mrz 65;Mrz 65;Mrz 64;Mrz 43;27.37;27.36;27.35;27.26;23.78;0.56
61354;SPS30;47226;5.148.554.199;543.575.943;2021-04-26T00:55:28;Mrz 90;Mrz 90;Mrz 90;Mrz 68;29.39;29.39;29.38;29.30;25.57;0.55
61354;SPS30;47226;5.148.554.199;543.575.943;2021-04-26T00:57:57;04. Mrz;04. Feb;04. Feb;Mrz 79;30.25;30.24;30.23;30.14;26.29;0.57
61354;SPS30;47226;5.148.554.199;543.575.943;2021-04-26T01:00:23;04. Jul;04. Jun;04. Mai;Mrz 81;30.45;30.44;30.43;30.33;26.45;0.57
61354;SPS30;47226;5.148.554.199;543.575.943;2021-04-26T01:02:49;Mrz 89;Mrz 88;Mrz 87;Mrz 64;29. Okt;29. Okt;29. Aug;28.99;25.28;0.57
61354;SPS30;47226;5.148.554.199;543.575.943;2021-04-26T01:05:20;Mrz 67;Mrz 67;Mrz 65;Mrz 43;27.38;27.37;27.36;27.26;23.76;0.56
61354;SPS30;47226;5.148.554.199;543.575.943;2021-04-26T01:07:47;Mrz 98;Mrz 98;Mrz 98;Mrz 77;30. Aug;30. Jul;30. Jun;29.98;26.17;0.54
61354;SPS30;47226;5.148.554.199;543.575.943;2021-04-26T01:10:19;Mrz 91;Mrz 91;Mrz 89;Mrz 65;29.14;29.13;29. Dez;29. Jan;25.28;0.57
61354;SPS30;47226;5.148.554.199;543.575.943;2021-04-26T01:12:53;Mrz 84;Mrz 84;Mrz 82;Mrz 59;28.71;28.70;28.69;28.59;24.92;0.56
61354;SPS30;47226;5.148.554.199;543.575.943;2021-04-26T01:15:49;04. Feb;04. Feb;04. Feb;Mrz 80;30.34;30.34;30.33;30.25;26.40;0.54
61354;SPS30;47226;5.148.554.199;543.575.943;2021-04-26T01:18:32;04. Nov;04. Okt;04. Okt;Mrz 87;30.88;30.87;30.86;30.77;26.84;0.55
61354;SPS30;47226;5.148.554.199;543.575.943;2021-04-26T01:21:31;04. Dez;04. Dez;04. Sep;Mrz 84;30.66;30.66;30.64;30.52;26.60;0.57
61354;SPS30;47226;5.148.554.199;543.575.943;2021-04-26T01:30:41;Mrz 99;Mrz 99;Mrz 97;Mrz 74;29.84;29.83;29.82;29.72;25.91;0.57
61354;SPS30;47226;5.148.554.199;543.575.943;2021-04-26T01:33:22;Apr 21;Apr 21;Apr 19;Mrz 93;31.41;31.40;31.38;31.27;27.25;0.57
61354;SPS30;47226;5.148.554.199;543.575.943;2021-04-26T01:35:52;04. Jul;04. Jul;04. Jun;Mrz 83;30.58;30.57;30.56;30.47;26.58;0.57
61354;SPS30;47226;5.148.554.199;543.575.943;2021-04-26T01:38:26;Mrz 90;Mrz 89;Mrz 87;Mrz 64;29. Jun;29. Mai;29. Apr;28.93;25.22;0.57
61354;SPS30;47226;5.148.554.199;543.575.943;2021-04-26T01:40:54;Apr 29;Apr 28;Apr 28;04. Apr;32.23;32.22;32.21;32.11;28. Feb;0.54
61354;SPS30;47226;5.148.554.199;543.575.943;2021-04-26T01:43:25;Mrz 99;Mrz 99;Mrz 99;Mrz 77;30.14;30.13;30. Dez;30. Apr;26.22;0.54
61354;SPS30;47226;5.148.554.199;543.575.943;2021-04-26T01:45:54;Mrz 94;Mrz 94;Mrz 94;Mrz 73;29.74;29.74;29.73;29.65;25.88;0.54
61354;SPS30;47226;5.148.554.199;543.575.943;2021-04-26T01:48:25;Apr 28;Apr 28;Apr 26;4.00;31.97;31.96;31.94;31.83;27.75;0.56
61354;SPS30;47226;5.148.554.199;543.575.943;2021-04-26T01:50:53;Apr 26;Apr 25;Apr 21;Mrz 94;31.45;31.44;31.42;31.28;27.23;0.58
61354;SPS30;47226;5.148.554.199;543.575.943;2021-04-26T01:53:21;Apr 29;Apr 28;Apr 24;Mrz 97;31.69;31.69;31.67;31.53;27.45;0.58
61354;SPS30;47226;5.148.554.199;543.575.943;2021-04-26T01:55:50;Apr 51;Apr 50;Apr 48;Apr 22;33.71;33.70;33.69;33.57;29.28;0.56
61354;SPS30;47226;5.148.554.199;543.575.943;2021-04-26T01:58:21;Apr 19;Apr 19;Apr 18;Mrz 94;31.43;31.42;31.41;31.31;27.30;0.57
61354;SPS30;47226;5.148.554.199;543.575.943;2021-04-26T02:00:48;Apr 25;Apr 24;Apr 21;Mrz 94;31.48;31.47;31.45;31.32;27.28;0.58
61354;SPS30;47226;5.148.554.199;543.575.943;2021-04-26T02:03:14;Apr 16;Apr 16;Apr 13;Mrz 88;31.00;31.00;30.98;30.86;26.90;0.56
61354;SPS30;47226;5.148.554.199;543.575.943;2021-04-26T02:05:46;04. Apr;04. Apr;04. Apr;Mrz 81;30.41;30.41;30.40;30.31;26.44;0.55
61354;SPS30;47226;5.148.554.199;543.575.943;2021-04-26T02:08:15;04. Sep;04. Sep;04. Sep;Mrz 86;30.80;30.80;30.79;30.70;26.79;0.55
61354;SPS30;47226;5.148.554.199;543.575.943;2021-04-26T02:10:41;Apr 27;Apr 26;Apr 25;4.00;31.90;31.90;31.88;31.77;27.70;0.57
61354;SPS30;47226;5.148.554.199;543.575.943;2021-04-26T02:13:08;Apr 35;Apr 34;Apr 32;04. Mai;32.36;32.36;32.34;32.21;28. Jul;0.57
61354;SPS30;47226;5.148.554.199;543.575.943;2021-04-26T02:15:35;Apr 43;Apr 43;Apr 42;Apr 17;33.30;33.29;33.28;33.18;28.95;0.56
61354;SPS30;47226;5.148.554.199;543.575.943;2021-04-26T02:18:02;04. Feb;04. Feb;04. Feb;Mrz 80;30.38;30.37;30.36;30.28;26.43;0.54
61354;SPS30;47226;5.148.554.199;543.575.943;2021-04-26T02:20:28;Apr 27;Apr 27;Apr 27;04. Apr;32.25;32.24;32.23;32.15;28. Jun;0.55
61354;SPS30;47226;5.148.554.199;543.575.943;2021-04-26T02:22:54;Apr 31;Apr 31;Apr 30;04. Jun;32.40;32.39;32.38;32.28;28.16;0.56
61354;SPS30;47226;5.148.554.199;543.575.943;2021-04-26T02:25:20;Apr 32;Apr 32;Apr 31;04. Jul;32.50;32.49;32.48;32.38;28.26;0.55
61354;SPS30;47226;5.148.554.199;543.575.943;2021-04-26T02:27:48;Apr 34;Apr 33;Apr 31;04. Jun;32.39;32.39;32.37;32.26;28. Dez;0.56
61354;SPS30;47226;5.148.554.199;543.575.943;2021-04-26T02:30:14;Apr 39;Apr 39;Apr 38;04. Dez;32.93;32.93;32.91;32.81;28.61;0.56
61354;SPS30;47226;5.148.554.199;543.575.943;2021-04-26T02:32:46;Apr 20;Apr 19;Apr 17;Mrz 92;31.32;31.31;31.30;31.19;27.19;0.57
61354;SPS30;47226;5.148.554.199;543.575.943;2021-04-26T02:35:34;Apr 49;Apr 48;Apr 47;Apr 21;33.60;33.59;33.58;33.46;29.18;0.57
61354;SPS30;47226;5.148.554.199;543.575.943;2021-04-26T02:38:46;Apr 53;Apr 53;Apr 51;Apr 24;33.88;33.88;33.86;33.74;29.42;0.58
61354;SPS30;47226;5.148.554.199;543.575.943;2021-04-26T02:41:09;Apr 51;Apr 51;Apr 50;Apr 24;33.83;33.83;33.81;33.70;29.40;0.57
61354;SPS30;47226;5.148.554.199;543.575.943;2021-04-26T02:43:42;Apr 49;Apr 49;Apr 48;Apr 23;33.82;33.81;33.80;33.70;29.41;0.56
61354;SPS30;47226;5.148.554.199;543.575.943;2021-04-26T02:46:11;Apr 45;Apr 44;Apr 42;Apr 16;33.19;33.18;33.16;33.05;28.81;0.57
61354;SPS30;47226;5.148.554.199;543.575.943;2021-04-26T02:48:42;Apr 22;Apr 22;Apr 19;Mrz 94;31.47;31.46;31.44;31.33;27.30;0.57
61354;SPS30;47226;5.148.554.199;543.575.943;2021-04-26T02:51:10;Apr 45;Apr 45;Apr 43;Apr 18;33.39;33.38;33.37;33.27;29.02;0.56
61354;SPS30;47226;5.148.554.199;543.575.943;2021-04-26T02:53:37;Apr 34;Apr 34;Apr 33;04. Aug;32.56;32.55;32.54;32.44;28.29;0.57
61354;SPS30;47226;5.148.554.199;543.575.943;2021-04-26T02:56:12;Apr 36;Apr 35;Apr 34;04. Sep;32.67;32.66;32.64;32.54;28.38;0.57
61354;SPS30;47226;5.148.554.199;543.575.943;2021-04-26T02:58:40;Apr 27;Apr 27;Apr 26;04. Jan;32.06;32.05;32.04;31.94;27.86;0.56
61354;SPS30;47226;5.148.554.199;543.575.943;2021-04-26T03:01:11;Apr 66;Apr 66;Apr 64;Apr 37;34.91;34.90;34.89;34.77;30.32;0.58
61354;SPS30;47226;5.148.554.199;543.575.943;2021-04-26T03:03:40;Apr 67;Apr 66;Apr 63;Apr 35;34.71;34.70;34.68;34.55;30. Okt;0.59
61354;SPS30;47226;5.148.554.199;543.575.943;2021-04-26T03:06:09;Apr 60;Apr 60;Apr 57;Apr 30;34.33;34.33;34.31;34.18;29.80;0.58
61354;SPS30;47226;5.148.554.199;543.575.943;2021-04-26T03:08:36;Apr 69;Apr 68;Apr 65;Apr 37;34.88;34.87;34.85;34.72;30.25;0.59
61354;SPS30;47226;5.148.554.199;543.575.943;2021-04-26T03:11:08;Apr 76;Apr 75;Apr 72;Apr 43;35.40;35.39;35.37;35.24;30.71;0.57
61354;SPS30;47226;5.148.554.199;543.575.943;2021-04-26T03:13:37;Apr 53;Apr 53;Apr 51;Apr 24;33.84;33.83;33.82;33.70;29.38;0.57
61354;SPS30;47226;5.148.554.199;543.575.943;2021-04-26T03:16:04;Apr 68;Apr 68;Apr 66;Apr 38;34.97;34.96;34.94;34.82;30.35;0.59
61354;SPS30;47226;5.148.554.199;543.575.943;2021-04-26T03:18:32;Apr 83;Apr 82;Apr 79;Apr 49;35.89;35.88;35.86;35.72;31. Dez;0.59
61354;SPS30;47226;5.148.554.199;543.575.943;2021-04-26T03:20:58;Apr 68;Apr 68;Apr 65;Apr 36;34.82;34.81;34.79;34.65;30.19;0.58
61354;SPS30;47226;5.148.554.199;543.575.943;2021-04-26T03:23:27;Mai 22;Mai 21;Mai 14;Apr 78;38.15;38.14;38.11;37.91;32.96;0.60
61354;SPS30;47226;5.148.554.199;543.575.943;2021-04-26T03:25:58;Apr 87;Apr 86;Apr 80;Apr 47;35.73;35.72;35.69;35.51;30.89;0.60
61354;SPS30;47226;5.148.554.199;543.575.943;2021-04-26T03:28:25;Apr 93;Apr 92;Apr 90;Apr 60;36.74;36.74;36.72;36.58;31.89;0.58
61354;SPS30;47226;5.148.554.199;543.575.943;2021-04-26T03:30:51;Apr 68;Apr 68;Apr 66;Apr 38;34.97;34.96;34.95;34.83;30.36;0.58
61354;SPS30;47226;5.148.554.199;543.575.943;2021-04-26T03:33:18;Apr 56;Apr 56;Apr 54;Apr 27;34.12;34.12;34.10;33.98;29.63;0.57
61354;SPS30;47226;5.148.554.199;543.575.943;2021-04-26T03:35:45;Apr 73;Apr 73;Apr 71;Apr 44;35.49;35.49;35.47;35.36;30.85;0.57
61354;SPS30;47226;5.148.554.199;543.575.943;2021-04-26T03:38:11;Apr 53;Apr 53;Apr 51;Apr 24;33.89;33.89;33.87;33.76;29.43;0.57
61354;SPS30;47226;5.148.554.199;543.575.943;2021-04-26T03:40:38;Apr 98;Apr 98;Apr 95;Apr 66;37.20;37.19;37.17;37.04;32.29;0.57
61354;SPS30;47226;5.148.554.199;543.575.943;2021-04-26T03:43:04;Apr 42;Apr 42;Apr 41;Apr 17;33.27;33.26;33.25;33.15;28.93;0.56
61354;SPS30;47226;5.148.554.199;543.575.943;2021-04-26T03:45:30;Apr 63;Apr 63;Apr 63;Apr 37;34.91;34.90;34.89;34.79;30.37;0.55
61354;SPS30;47226;5.148.554.199;543.575.943;2021-04-26T03:47:56;Apr 80;Apr 80;Apr 79;Apr 53;36.17;36.16;36.15;36.05;31.46;0.55
61354;SPS30;47226;5.148.554.199;543.575.943;2021-04-26T03:50:24;Apr 81;Apr 80;Apr 78;Apr 50;35.90;35.89;35.88;35.75;31.17;0.57
61354;SPS30;47226;5.148.554.199;543.575.943;2021-04-26T03:52:51;Apr 94;Apr 93;Apr 91;Apr 62;36.93;36.92;36.91;36.78;32.07;0.57
61354;SPS30;47226;5.148.554.199;543.575.943;2021-04-26T03:55:21;Apr 88;Apr 88;Apr 86;Apr 58;36.54;36.53;36.51;36.39;31.73;0.57
61354;SPS30;47226;5.148.554.199;543.575.943;2021-04-26T03:57:47;Mai 18;Mai 17;Mai 15;Apr 84;38.63;38.62;38.60;38.47;33.53;0.58
61354;SPS30;47226;5.148.554.199;543.575.943;2021-04-26T04:00:14;Apr 55;Apr 55;Apr 53;Apr 26;34.05;34.04;34.02;33.91;29.57;0.57
61354;SPS30;47226;5.148.554.199;543.575.943;2021-04-26T04:02:42;Apr 85;Apr 85;Apr 83;Apr 54;36.25;36.24;36.23;36.10;31.47;0.57
61354;SPS30;47226;5.148.554.199;543.575.943;2021-04-26T04:05:09;Apr 83;Apr 83;Apr 82;Apr 55;36.35;36.34;36.33;36.22;31.61;0.56
61354;SPS30;47226;5.148.554.199;543.575.943;2021-04-26T04:07:36;Apr 75;Apr 75;Apr 74;Apr 48;35.77;35.76;35.75;35.65;31.11;0.57
61354;SPS30;47226;5.148.554.199;543.575.943;2021-04-26T04:10:09;05. Jun;05. Jun;05. Mai;Apr 76;38.05;38.04;38.02;37.91;33.08;0.57
61354;SPS30;47226;5.148.554.199;543.575.943;2021-04-26T04:12:37;Apr 82;Apr 81;Apr 80;Apr 53;36.18;36.17;36.16;36.05;31.44;0.57
61354;SPS30;47226;5.148.554.199;543.575.943;2021-04-26T04:15:05;Apr 81;Apr 81;Apr 80;Apr 53;36.15;36.14;36.13;36.02;31.43;0.56
61354;SPS30;47226;5.148.554.199;543.575.943;2021-04-26T04:17:33;Apr 83;Apr 82;Apr 82;Apr 56;36.38;36.37;36.36;36.26;31.64;0.55
61354;SPS30;47226;5.148.554.199;543.575.943;2021-04-26T04:19:58;Apr 75;Apr 75;Apr 75;Apr 49;35.83;35.83;35.82;35.72;31.18;0.54
61354;SPS30;47226;5.148.554.199;543.575.943;2021-04-26T04:22:24;05. Feb;05. Jan;05. Jan;Apr 73;37.73;37.72;37.71;37.60;32.81;0.56
61354;SPS30;47226;5.148.554.199;543.575.943;2021-04-26T04:24:50;Mai 17;Mai 16;Mai 14;Apr 83;38.61;38.60;38.58;38.45;33.52;0.57
61354;SPS30;47226;5.148.554.199;543.575.943;2021-04-26T04:27:15;Apr 89;Apr 88;Apr 85;Apr 56;36.39;36.39;36.37;36.23;31.57;0.59
61354;SPS30;47226;5.148.554.199;543.575.943;2021-04-26T04:29:41;Mai 30;Mai 29;Mai 28;Apr 97;39.67;39.67;39.65;39.52;34.46;0.58
61354;SPS30;47226;5.148.554.199;543.575.943;2021-04-26T04:32:07;Apr 95;Apr 94;Apr 92;Apr 62;36.90;36.89;36.87;36.74;32.03;0.58
61354;SPS30;47226;5.148.554.199;543.575.943;2021-04-26T04:34:33;Mai 25;Mai 25;Mai 23;Apr 92;39.30;39.30;39.28;39.15;34.14;0.57
61354;SPS30;47226;5.148.554.199;543.575.943;2021-04-26T04:36:59;Mai 49;Mai 49;Mai 45;05. Dez;40.89;40.88;40.86;40.70;35.47;0.57
61354;SPS30;47226;5.148.554.199;543.575.943;2021-04-26T04:39:25;05. Sep;05. Sep;05. Jul;Apr 77;38.08;38.07;38.06;37.93;33.07;0.58
61354;SPS30;47226;5.148.554.199;543.575.943;2021-04-26T04:41:51;Mai 18;Mai 17;Mai 13;Apr 80;38.31;38.30;38.28;38.11;33.18;0.59
61354;SPS30;47226;5.148.554.199;543.575.943;2021-04-26T04:44:17;Mai 52;Mai 50;Mai 45;05. Aug;40.61;40.60;40.57;40.38;35.14;0.60
61354;SPS30;47226;5.148.554.199;543.575.943;2021-04-26T04:46:43;Mai 34;Mai 33;Mai 28;Apr 94;39.50;39.49;39.46;39.29;34.22;0.58
61354;SPS30;47226;5.148.554.199;543.575.943;2021-04-26T04:49:08;Mai 74;Mai 73;Mai 69;Mai 33;42.59;42.58;42.56;42.39;36.92;0.58
61354;SPS30;47226;5.148.554.199;543.575.943;2021-04-26T04:51:34;Mai 15;Mai 15;Mai 13;Apr 82;38.50;38.50;38.48;38.34;33.43;0.57
61354;SPS30;47226;5.148.554.199;543.575.943;2021-04-26T04:54:01;05. Feb;05. Jan;Apr 98;Apr 67;37.30;37.29;37.27;37.13;32.35;0.58
61354;SPS30;47226;5.148.554.199;543.575.943;2021-04-26T04:56:28;Mai 39;Mai 39;Mai 36;05. Mai;40.30;40.29;40.27;40.13;34.99;0.57
61354;SPS30;47226;5.148.554.199;543.575.943;2021-04-26T04:58:54;Mai 15;Mai 14;05. Nov;Apr 80;38.30;38.29;38.27;38.12;33.22;0.58
61354;SPS30;47226;5.148.554.199;543.575.943;2021-04-26T05:01:19;Mai 27;Mai 26;Mai 21;Apr 87;38.93;38.92;38.90;38.73;33.72;0.58
61354;SPS30;47226;5.148.554.199;543.575.943;2021-04-26T05:03:45;Mai 19;Mai 19;Mai 16;Apr 85;38.71;38.71;38.69;38.54;33.59;0.57
61354;SPS30;47226;5.148.554.199;543.575.943;2021-04-26T05:06:11;Mai 64;Mai 63;Mai 61;Mai 27;42.10;42.09;42.07;41.92;36.54;0.57
61354;SPS30;47226;5.148.554.199;543.575.943;2021-04-26T05:08:37;Mai 49;Mai 49;Mai 45;05. Dez;40.88;40.87;40.85;40.69;35.46;0.58
61354;SPS30;47226;5.148.554.199;543.575.943;2021-04-26T05:11:03;Mai 44;Mai 43;Mai 41;05. Okt;40.70;40.69;40.67;40.53;35.34;0.56
61354;SPS30;47226;5.148.554.199;543.575.943;2021-04-26T05:13:29;Mai 90;Mai 89;Mai 84;Mai 47;43.72;43.71;43.68;43.50;37.88;0.57
61354;SPS30;47226;5.148.554.199;543.575.943;2021-04-26T05:15:55;Mai 60;Mai 59;Mai 50;05. Sep;40.70;40.69;40.65;40.42;35.11;0.58
61354;SPS30;47226;5.148.554.199;543.575.943;2021-04-26T05:18:20;Mai 52;Mai 51;Mai 47;Mai 13;40.97;40.96;40.94;40.78;35.53;0.58
61354;SPS30;47226;5.148.554.199;543.575.943;2021-04-26T05:20:46;Mai 48;Mai 47;Mai 44;05. Okt;40.76;40.75;40.72;40.57;35.35;0.58
61354;SPS30;47226;5.148.554.199;543.575.943;2021-04-26T05:23:12;Mai 25;Mai 25;Mai 22;Apr 90;39.17;39.16;39.14;39.00;33.99;0.58
61354;SPS30;47226;5.148.554.199;543.575.943;2021-04-26T05:25:38;Mai 22;Mai 21;Mai 20;Apr 90;39.14;39.13;39.11;38.99;34.01;0.57
61354;SPS30;47226;5.148.554.199;543.575.943;2021-04-26T05:28:04;Mai 22;Mai 21;Mai 21;Apr 92;39.25;39.24;39.23;39.11;34.13;0.56
61354;SPS30;47226;5.148.554.199;543.575.943;2021-04-26T05:30:30;Mai 34;Mai 34;Mai 32;05. Jan;40.02;40.01;39.99;39.86;34.76;0.57
61354;SPS30;47226;5.148.554.199;543.575.943;2021-04-26T05:32:56;Mai 28;Mai 28;Mai 27;Apr 97;39.68;39.67;39.66;39.54;34.49;0.56
61354;SPS30;47226;5.148.554.199;543.575.943;2021-04-26T05:35:22;Mai 39;Mai 39;Mai 39;05. Okt;40.71;40.70;40.69;40.58;35.42;0.55
61354;SPS30;47226;5.148.554.199;543.575.943;2021-04-26T05:37:49;Mai 56;Mai 56;Mai 56;Mai 26;41.97;41.97;41.95;41.84;36.52;0.55
61354;SPS30;47226;5.148.554.199;543.575.943;2021-04-26T05:40:15;Mai 22;Mai 21;Mai 20;Apr 90;39.10;39.10;39.08;38.95;33.97;0.58
61354;SPS30;47226;5.148.554.199;543.575.943;2021-04-26T05:42:41;Mai 33;Mai 32;Mai 29;Apr 96;39.63;39.62;39.59;39.44;34.36;0.58
61354;SPS30;47226;5.148.554.199;543.575.943;2021-04-26T05:45:07;Mai 53;Mai 53;Mai 52;Mai 21;41.62;41.61;41.60;41.48;36.19;0.55
61354;SPS30;47226;5.148.554.199;543.575.943;2021-04-26T05:47:33;Mai 32;Mai 32;Mai 32;05. Feb;40.08;40.07;40.05;39.94;34.85;0.55
61354;SPS30;47226;5.148.554.199;543.575.943;2021-04-26T05:49:59;Mai 19;Mai 19;Mai 19;Apr 90;39.15;39.14;39.12;39.02;34.06;0.55
61354;SPS30;47226;5.148.554.199;543.575.943;2021-04-26T05:52:25;05. Okt;05. Okt;05. Okt;Apr 83;38.54;38.53;38.52;38.41;33.53;0.54
61354;SPS30;47226;5.148.554.199;543.575.943;2021-04-26T05:54:50;Mai 42;Mai 42;Mai 42;05. Dez;40.91;40.90;40.88;40.78;35.60;0.54
61354;SPS30;47226;5.148.554.199;543.575.943;2021-04-26T05:57:16;Mai 31;Mai 31;Mai 31;05. Mrz;40.13;40.12;40.11;40.00;34.92;0.54
61354;SPS30;47226;5.148.554.199;543.575.943;2021-04-26T05:59:42;05. Nov;05. Nov;05. Okt;Apr 80;38.36;38.35;38.33;38.21;33.33;0.56
61354;SPS30;47226;5.148.554.199;543.575.943;2021-04-26T06:02:07;Mai 23;Mai 23;Mai 22;Apr 92;39.31;39.31;39.29;39.17;34.18;0.56
61354;SPS30;47226;5.148.554.199;543.575.943;2021-04-26T06:04:33;Mai 21;Mai 20;Mai 20;Apr 92;39.28;39.27;39.26;39.15;34.18;0.55
61354;SPS30;47226;5.148.554.199;543.575.943;2021-04-26T06:06:59;Mai 15;Mai 15;Mai 15;Apr 87;38.87;38.86;38.85;38.74;33.82;0.54
61354;SPS30;47226;5.148.554.199;543.575.943;2021-04-26T06:09:25;Mai 38;Mai 38;Mai 38;05. Sep;40.62;40.61;40.60;40.49;35.35;0.52
61354;SPS30;47226;5.148.554.199;543.575.943;2021-04-26T06:11:51;05. Dez;05. Dez;05. Dez;Apr 84;38.68;38.67;38.66;38.56;33.66;0.53
61354;SPS30;47226;5.148.554.199;543.575.943;2021-04-26T06:14:17;Mai 28;Mai 28;Mai 28;Apr 99;39.88;39.88;39.86;39.76;34.71;0.53
61354;SPS30;47226;5.148.554.199;543.575.943;2021-04-26T06:16:42;Mai 26;Mai 26;Mai 26;Apr 97;39.71;39.70;39.69;39.58;34.55;0.52
61354;SPS30;47226;5.148.554.199;543.575.943;2021-04-26T06:19:08;Mai 42;Mai 42;Mai 42;05. Dez;40.91;40.90;40.89;40.78;35.60;0.52
61354;SPS30;47226;5.148.554.199;543.575.943;2021-04-26T06:21:34;Mai 31;Mai 31;Mai 31;05. Feb;40.11;40.10;40.09;39.98;34.90;0.54
61354;SPS30;47226;5.148.554.199;543.575.943;2021-04-26T06:23:59;05. Dez;05. Dez;05. Dez;Apr 85;38.69;38.68;38.67;38.57;33.67;0.51
61354;SPS30;47226;5.148.554.199;543.575.943;2021-04-26T06:26:25;Mai 38;Mai 38;Mai 38;05. Sep;40.66;40.65;40.64;40.53;35.38;0.52
61354;SPS30;47226;5.148.554.199;543.575.943;2021-04-26T06:28:51;Mai 28;Mai 28;Mai 28;Apr 99;39.86;39.85;39.84;39.73;34.68;0.53
61354;SPS30;47226;5.148.554.199;543.575.943;2021-04-26T06:31:17;Mai 14;Mai 14;Mai 14;Apr 86;38.81;38.81;38.79;38.69;33.78;0.53
61354;SPS30;47226;5.148.554.199;543.575.943;2021-04-26T06:33:43;Apr 94;Apr 94;Apr 94;Apr 67;37.27;37.27;37.26;37.16;32.44;0.52
61354;SPS30;47226;5.148.554.199;543.575.943;2021-04-26T06:36:08;Apr 97;Apr 97;Apr 97;Apr 70;37.51;37.50;37.49;37.39;32.64;0.52
61354;SPS30;47226;5.148.554.199;543.575.943;2021-04-26T06:38:34;Apr 97;Apr 97;Apr 97;Apr 70;37.56;37.55;37.54;37.44;32.68;0.52
61354;SPS30;47226;5.148.554.199;543.575.943;2021-04-26T06:40:59;05. Okt;05. Okt;05. Okt;Apr 83;38.53;38.52;38.51;38.41;33.53;0.53
61354;SPS30;47226;5.148.554.199;543.575.943;2021-04-26T06:43:25;05. Mai;05. Mai;05. Mai;Apr 78;38.17;38.16;38.15;38.05;33.21;0.53
61354;SPS30;47226;5.148.554.199;543.575.943;2021-04-26T06:45:51;Mai 27;Mai 27;Mai 27;Apr 98;39.74;39.74;39.72;39.62;34.58;0.55
61354;SPS30;47226;5.148.554.199;543.575.943;2021-04-26T06:48:17;Mai 36;Mai 36;Mai 35;05. Apr;40.27;40.26;40.24;40.12;35.00;0.55
61354;SPS30;47226;5.148.554.199;543.575.943;2021-04-26T06:50:45;Mai 56;Mai 56;Mai 56;Mai 26;41.97;41.97;41.95;41.84;36.53;0.53
61354;SPS30;47226;5.148.554.199;543.575.943;2021-04-26T06:53:12;Mai 46;Mai 46;Mai 46;Mai 17;41.24;41.24;41.22;41.11;35.89;0.53
61354;SPS30;47226;5.148.554.199;543.575.943;2021-04-26T06:55:39;Mai 28;Mai 28;Mai 28;Apr 99;39.86;39.85;39.84;39.73;34.68;0.52
61354;SPS30;47226;5.148.554.199;543.575.943;2021-04-26T06:58:04;Mai 35;Mai 35;Mai 35;05. Jun;40.41;40.40;40.39;40.28;35.16;0.53
61354;SPS30;47226;5.148.554.199;543.575.943;2021-04-26T07:00:30;Mai 30;Mai 30;Mai 30;05. Jan;40.00;39.99;39.98;39.87;34.81;0.53
61354;SPS30;47226;5.148.554.199;543.575.943;2021-04-26T07:02:56;Mai 37;Mai 37;Mai 37;05. Aug;40.58;40.57;40.56;40.45;35.31;0.53
61354;SPS30;47226;5.148.554.199;543.575.943;2021-04-26T07:05:23;Mai 60;Mai 60;Mai 60;Mai 29;42.28;42.27;42.26;42.15;36.79;0.54
61354;SPS30;47226;5.148.554.199;543.575.943;2021-04-26T07:07:49;Mai 51;Mai 51;Mai 51;Mai 21;41.59;41.59;41.57;41.46;36.20;0.54
61354;SPS30;47226;5.148.554.199;543.575.943;2021-04-26T07:10:15;Mai 58;Mai 58;Mai 58;Mai 28;42.17;42.16;42.15;42.04;36.70;0.53
61354;SPS30;47226;5.148.554.199;543.575.943;2021-04-26T07:12:41;Mai 54;Mai 54;Mai 54;Mai 24;41.86;41.85;41.84;41.73;36.43;0.51
61354;SPS30;47226;5.148.554.199;543.575.943;2021-04-26T07:15:09;Mai 87;Mai 87;Mai 87;Mai 55;44.35;44.34;44.32;44.21;38.59;0.52
61354;SPS30;47226;5.148.554.199;543.575.943;2021-04-26T07:17:39;Mai 86;Mai 86;Mai 86;Mai 54;44.27;44.26;44.25;44.13;38.53;0.50
61354;SPS30;47226;5.148.554.199;543.575.943;2021-04-26T07:20:06;Mai 63;Mai 63;Mai 63;Mai 32;42.50;42.49;42.48;42.37;36.98;0.50
61354;SPS30;47226;5.148.554.199;543.575.943;2021-04-26T07:22:33;Mai 82;Mai 82;Mai 82;Mai 51;43.97;43.96;43.95;43.83;38.26;0.51
61354;SPS30;47226;5.148.554.199;543.575.943;2021-04-26T07:24:59;Mai 93;Mai 93;Mai 93;Mai 61;44.81;44.80;44.79;44.67;38.99;0.50
61354;SPS30;47226;5.148.554.199;543.575.943;2021-04-26T07:27:25;06. Jan;06. Jan;06. Jan;Mai 68;45.38;45.37;45.36;45.24;39.49;0.49
61354;SPS30;47226;5.148.554.199;543.575.943;2021-04-26T07:29:51;Mai 96;Mai 96;Mai 96;Mai 63;44.95;44.95;44.93;44.81;39.11;0.51
61354;SPS30;47226;5.148.554.199;543.575.943;2021-04-26T07:32:17;Jun 24;Jun 23;Jun 22;Mai 87;46.84;46.83;46.81;46.67;40.71;0.53
61354;SPS30;47226;5.148.554.199;543.575.943;2021-04-26T07:34:43;Mai 98;Mai 98;Mai 98;Mai 65;45.14;45.13;45.12;45.00;39.28;0.51
61354;SPS30;47226;5.148.554.199;543.575.943;2021-04-26T07:37:09;06. Jun;06. Jun;06. Jun;Mai 73;45.73;45.72;45.70;45.58;39.78;0.54
61354;SPS30;47226;5.148.554.199;543.575.943;2021-04-26T07:39:35;Mai 93;Mai 93;Mai 92;Mai 58;44.57;44.56;44.54;44.40;38.74;0.55
61354;SPS30;47226;5.148.554.199;543.575.943;2021-04-26T07:42:01;Mai 77;Mai 77;Mai 75;Mai 42;43.30;43.29;43.27;43.14;37.62;0.55
61354;SPS30;47226;5.148.554.199;543.575.943;2021-04-26T07:44:27;Mai 79;Mai 79;Mai 79;Mai 47;43.71;43.70;43.69;43.57;38.03;0.51
61354;SPS30;47226;5.148.554.199;543.575.943;2021-04-26T07:46:57;Mai 71;Mai 71;Mai 71;Mai 40;43.11;43.10;43.08;42.97;37.51;0.51
61354;SPS30;47226;5.148.554.199;543.575.943;2021-04-26T07:49:23;Mai 96;Mai 96;Mai 96;Mai 64;45.02;45.02;45.00;44.88;39.18;0.50
61354;SPS30;47226;5.148.554.199;543.575.943;2021-04-26T07:51:50;Jun 32;Jun 32;Jun 32;Mai 97;47.70;47.69;47.67;47.55;41.51;0.51
61354;SPS30;47226;5.148.554.199;543.575.943;2021-04-26T07:54:16;Mai 95;Mai 95;Mai 95;Mai 63;44.97;44.96;44.94;44.82;39.13;0.52
61354;SPS30;47226;5.148.554.199;543.575.943;2021-04-26T07:56:42;06. Jan;06. Jan;06. Jan;Mai 69;45.41;45.40;45.39;45.27;39.52;0.52
61354;SPS30;47226;5.148.554.199;543.575.943;2021-04-26T07:59:08;06. Okt;06. Okt;06. Okt;Mai 76;46.03;46.02;46.01;45.89;40.06;0.52
61354;SPS30;47226;5.148.554.199;543.575.943;2021-04-26T08:01:33;06. Jan;06. Jan;06. Jan;Mai 68;45.35;45.34;45.33;45.21;39.46;0.52
61354;SPS30;47226;5.148.554.199;543.575.943;2021-04-26T08:03:59;06. Mai;06. Mai;06. Mai;Mai 72;45.70;45.69;45.68;45.56;39.77;0.52
61354;SPS30;47226;5.148.554.199;543.575.943;2021-04-26T08:06:25;6.00;6.00;6.00;Mai 68;45.34;45.33;45.31;45.19;39.45;0.52
61354;SPS30;47226;5.148.554.199;543.575.943;2021-04-26T08:08:50;Mai 86;Mai 86;Mai 86;Mai 54;44.23;44.23;44.21;44.10;38.49;0.54
61354;SPS30;47226;5.148.554.199;543.575.943;2021-04-26T08:11:16;06. Sep;06. Sep;06. Sep;Mai 76;46.00;45.99;45.97;45.85;40.03;0.53
61354;SPS30;47226;5.148.554.199;543.575.943;2021-04-26T08:13:42;Jun 21;Jun 21;Jun 21;Mai 87;46.87;46.86;46.85;46.73;40.79;0.52
61354;SPS30;47226;5.148.554.199;543.575.943;2021-04-26T08:16:07;Mai 88;Mai 88;Mai 88;Mai 56;44.40;44.39;44.38;44.26;38.64;0.53
61354;SPS30;47226;5.148.554.199;543.575.943;2021-04-26T08:18:33;Mai 66;Mai 66;Mai 66;Mai 35;42.75;42.75;42.73;42.62;37.20;0.54
61354;SPS30;47226;5.148.554.199;543.575.943;2021-04-26T08:20:59;06. Mai;06. Mai;06. Mai;Mai 72;45.66;45.65;45.64;45.52;39.74;0.51
61354;SPS30;47226;5.148.554.199;543.575.943;2021-04-26T08:23:25;Mai 87;Mai 87;Mai 87;Mai 55;44.31;44.30;44.29;44.17;38.56;0.51
61354;SPS30;47226;5.148.554.199;543.575.943;2021-04-26T08:25:51;Mai 65;Mai 65;Mai 65;Mai 34;42.64;42.64;42.62;42.51;37.11;0.54
61354;SPS30;47226;5.148.554.199;543.575.943;2021-04-26T08:28:17;06. Aug;06. Aug;06. Aug;Mai 74;45.81;45.81;45.79;45.66;39.84;0.55
61354;SPS30;47226;5.148.554.199;543.575.943;2021-04-26T08:30:48;Mai 58;Mai 58;Mai 58;Mai 27;42.09;42.08;42.07;41.96;36.62;0.54
61354;SPS30;47226;5.148.554.199;543.575.943;2021-04-26T08:33:15;Mai 71;Mai 71;Mai 71;Mai 40;43.13;43.12;43.11;43.00;37.53;0.54
61354;SPS30;47226;5.148.554.199;543.575.943;2021-04-26T08:35:42;Mai 39;Mai 39;Mai 39;05. Okt;40.71;40.71;40.69;40.59;35.43;0.54
61354;SPS30;47226;5.148.554.199;543.575.943;2021-04-26T08:38:08;Mai 39;Mai 39;Mai 39;05. Sep;40.68;40.67;40.65;40.55;35.40;0.53
61354;SPS30;47226;5.148.554.199;543.575.943;2021-04-26T08:40:34;Mai 63;Mai 63;Mai 63;Mai 32;42.51;42.51;42.49;42.38;37.00;0.52
61354;SPS30;47226;5.148.554.199;543.575.943;2021-04-26T08:43:04;Mai 54;Mai 54;Mai 54;Mai 24;41.83;41.82;41.81;41.70;36.40;0.51
61354;SPS30;47226;5.148.554.199;543.575.943;2021-04-26T08:45:30;Mai 55;Mai 55;Mai 55;Mai 25;41.92;41.91;41.90;41.79;36.48;0.52
61354;SPS30;47226;5.148.554.199;543.575.943;2021-04-26T08:47:56;Mai 87;Mai 87;Mai 87;Mai 55;44.30;44.29;44.28;44.16;38.55;0.53
61354;SPS30;47226;5.148.554.199;543.575.943;2021-04-26T08:50:26;Mai 26;Mai 26;Mai 26;Apr 98;39.73;39.72;39.71;39.60;34.57;0.54
61354;SPS30;47226;5.148.554.199;543.575.943;2021-04-26T08:52:53;Mai 47;Mai 47;Mai 47;Mai 18;41.33;41.32;41.31;41.20;35.96;0.52
61354;SPS30;47226;5.148.554.199;543.575.943;2021-04-26T08:55:19;Mai 51;Mai 51;Mai 51;Mai 21;41.60;41.59;41.58;41.47;36.20;0.53
61354;SPS30;47226;5.148.554.199;543.575.943;2021-04-26T08:57:47;Mai 39;Mai 39;Mai 39;05. Okt;40.69;40.69;40.67;40.57;35.41;0.52
61354;SPS30;47226;5.148.554.199;543.575.943;2021-04-26T09:00:14;Mai 59;Mai 59;Mai 59;Mai 28;42.20;42.19;42.17;42.06;36.72;0.52
61354;SPS30;47226;5.148.554.199;543.575.943;2021-04-26T09:02:58;Mai 38;Mai 38;Mai 38;05. Sep;40.63;40.62;40.61;40.50;35.36;0.52
61354;SPS30;47226;5.148.554.199;543.575.943;2021-04-26T09:05:29;Mai 43;Mai 43;Mai 43;Mai 14;41.02;41.01;41.00;40.89;35.70;0.53
61354;SPS30;47226;5.148.554.199;543.575.943;2021-04-26T09:08:00;Mai 47;Mai 47;Mai 47;Mai 17;41.30;41.29;41.28;41.17;35.94;0.52
61354;SPS30;47226;5.148.554.199;543.575.943;2021-04-26T09:10:51;Apr 94;Apr 94;Apr 94;Apr 67;37.31;37.31;37.29;37.20;32.47;0.50
61354;SPS30;47226;5.148.554.199;543.575.943;2021-04-26T09:13:53;05. Dez;05. Dez;05. Dez;Apr 84;38.62;38.62;38.60;38.50;33.61;0.49
61354;SPS30;47226;5.148.554.199;543.575.943;2021-04-26T09:16:18;05. Apr;05. Apr;05. Apr;Apr 77;38.07;38.06;38.05;37.95;33.13;0.49
61354;SPS30;47226;5.148.554.199;543.575.943;2021-04-26T09:19:21;05. Mai;05. Mai;05. Mai;Apr 77;38.13;38.12;38.11;38.01;33.18;0.51
61354;SPS30;47226;5.148.554.199;543.575.943;2021-04-26T09:22:10;Apr 40;Apr 40;Apr 40;Apr 16;33.26;33.25;33.24;33.15;28.94;0.49
61354;SPS30;47226;5.148.554.199;543.575.943;2021-04-26T09:24:54;Apr 81;Apr 81;Apr 81;Apr 55;36.31;36.30;36.29;36.19;31.59;0.50
61354;SPS30;47226;5.148.554.199;543.575.943;2021-04-26T09:27:19;Apr 97;Apr 97;Apr 97;Apr 70;37.54;37.53;37.52;37.42;32.66;0.51
61354;SPS30;47226;5.148.554.199;543.575.943;2021-04-26T09:29:45;Apr 41;Apr 41;Apr 41;Apr 17;33.27;33.26;33.25;33.16;28.95;0.51
61354;SPS30;47226;5.148.554.199;543.575.943;2021-04-26T09:34:44;Apr 41;Apr 41;Apr 41;Apr 17;33.33;33.32;33.31;33.22;29.00;0.51
61354;SPS30;47226;5.148.554.199;543.575.943;2021-04-26T09:37:23;Apr 87;Apr 87;Apr 87;Apr 61;36.78;36.77;36.76;36.66;32.00;0.51
61354;SPS30;47226;5.148.554.199;543.575.943;2021-04-26T09:40:10;Apr 75;Apr 75;Apr 75;Apr 49;35.84;35.83;35.82;35.72;31.18;0.51
61354;SPS30;47226;5.148.554.199;543.575.943;2021-04-26T09:42:53;Apr 43;Apr 43;Apr 43;Apr 18;33.41;33.41;33.40;33.31;29. Aug;0.49
61354;SPS30;47226;5.148.554.199;543.575.943;2021-04-26T09:47:50;Apr 66;Apr 66;Apr 66;Apr 40;35.17;35.16;35.15;35.06;30.60;0.50
61354;SPS30;47226;5.148.554.199;543.575.943;2021-04-26T09:50:32;Apr 91;Apr 91;Apr 91;Apr 65;37.09;37.08;37.07;36.98;32.28;0.49
61354;SPS30;47226;5.148.554.199;543.575.943;2021-04-26T09:53:10;Apr 76;Apr 76;Apr 76;Apr 51;35.97;35.97;35.95;35.86;31.30;0.49
61354;SPS30;47226;5.148.554.199;543.575.943;2021-04-26T09:55:35;Apr 93;Apr 93;Apr 93;Apr 66;37.23;37.23;37.21;37.12;32.40;0.51
61354;SPS30;47226;5.148.554.199;543.575.943;2021-04-26T09:58:02;05. Jul;05. Jul;05. Jul;Apr 80;38.30;38.29;38.28;38.18;33.33;0.51
61354;SPS30;47226;5.148.554.199;543.575.943;2021-04-26T10:00:28;05. Feb;05. Feb;05. Feb;Apr 74;37.88;37.87;37.86;37.76;32.96;0.52
61354;SPS30;47226;5.148.554.199;543.575.943;2021-04-26T10:02:55;05. Nov;05. Nov;05. Nov;Apr 83;38.57;38.57;38.55;38.45;33.57;0.51
61354;SPS30;47226;5.148.554.199;543.575.943;2021-04-26T10:05:21;Mai 59;Mai 59;Mai 59;Mai 29;42.21;42.21;42.19;42.08;36.73;0.50
61354;SPS30;47226;5.148.554.199;543.575.943;2021-04-26T10:07:46;Mai 40;Mai 40;Mai 40;05. Nov;40.80;40.79;40.77;40.67;35.50;0.51
61354;SPS30;47226;5.148.554.199;543.575.943;2021-04-26T10:10:14;Mai 15;Mai 15;Mai 15;Apr 87;38.88;38.87;38.86;38.76;33.83;0.50
61354;SPS30;47226;5.148.554.199;543.575.943;2021-04-26T10:12:40;Mai 41;Mai 41;Mai 41;05. Dez;40.86;40.85;40.84;40.73;35.55;0.51
61354;SPS30;47226;5.148.554.199;543.575.943;2021-04-26T10:15:06;Mai 40;Mai 40;Mai 40;05. Nov;40.78;40.78;40.76;40.66;35.49;0.50
61354;SPS30;47226;5.148.554.199;543.575.943;2021-04-26T10:17:33;Mai 35;Mai 35;Mai 35;05. Jun;40.40;40.39;40.38;40.27;35.15;0.51
61354;SPS30;47226;5.148.554.199;543.575.943;2021-04-26T10:20:02;Mai 26;Mai 26;Mai 26;Apr 98;39.73;39.72;39.71;39.61;34.57;0.51
61354;SPS30;47226;5.148.554.199;543.575.943;2021-04-26T10:22:40;Apr 98;Apr 98;Apr 98;Apr 71;37.58;37.57;37.56;37.46;32.70;0.52
61354;SPS30;47226;5.148.554.199;543.575.943;2021-04-26T10:25:09;05. Jul;05. Jul;05. Jul;Apr 80;38.30;38.30;38.28;38.18;33.33;0.51
61354;SPS30;47226;5.148.554.199;543.575.943;2021-04-26T10:27:36;Apr 98;Apr 98;Apr 98;Apr 71;37.62;37.61;37.60;37.50;32.73;0.50
61354;SPS30;47226;5.148.554.199;543.575.943;2021-04-26T10:33:03;05. Feb;05. Feb;05. Feb;Apr 75;37.92;37.91;37.90;37.80;32.99;0.51
61354;SPS30;47226;5.148.554.199;543.575.943;2021-04-26T10:35:45;Apr 79;Apr 79;Apr 79;Apr 53;36.19;36.19;36.18;36.08;31.50;0.50
61354;SPS30;47226;5.148.554.199;543.575.943;2021-04-26T10:41:00;Mai 36;Mai 36;Mai 36;05. Jul;40.50;40.49;40.48;40.37;35.24;0.49
61354;SPS30;47226;5.148.554.199;543.575.943;2021-04-26T10:43:27;Mai 31;Mai 31;Mai 31;05. Feb;40.08;40.07;40.06;39.95;34.88;0.48
61354;SPS30;47226;5.148.554.199;543.575.943;2021-04-26T10:51:32;Mai 44;Mai 44;Mai 44;Mai 15;41.11;41.10;41.09;40.98;35.78;0.50
61354;SPS30;47226;5.148.554.199;543.575.943;2021-04-26T10:54:02;Mai 50;Mai 50;Mai 50;Mai 20;41.55;41.54;41.53;41.42;36.16;0.50
61354;SPS30;47226;5.148.554.199;543.575.943;2021-04-26T10:56:30;Mai 31;Mai 31;Mai 31;05. Feb;40.10;40.10;40.08;39.98;34.90;0.49
61354;SPS30;47226;5.148.554.199;543.575.943;2021-04-26T11:01:48;Mai 50;Mai 50;Mai 50;Mai 20;41.55;41.54;41.53;41.42;36.16;0.51
61354;SPS30;47226;5.148.554.199;543.575.943;2021-04-26T11:04:15;Mai 65;Mai 65;Mai 65;Mai 34;42.64;42.64;42.62;42.51;37.11;0.48
61354;SPS30;47226;5.148.554.199;543.575.943;2021-04-26T11:07:05;Mai 25;Mai 25;Mai 25;Apr 97;39.68;39.67;39.66;39.56;34.53;0.49
61354;SPS30;47226;5.148.554.199;543.575.943;2021-04-26T11:09:47;Mai 33;Mai 33;Mai 33;05. Apr;40.26;40.26;40.24;40.14;35.04;0.52
61354;SPS30;47226;5.148.554.199;543.575.943;2021-04-26T11:12:32;Mai 53;Mai 53;Mai 53;Mai 23;41.76;41.76;41.74;41.63;36.34;0.53
61354;SPS30;47226;5.148.554.199;543.575.943;2021-04-26T11:15:17;Mai 67;Mai 67;Mai 67;Mai 36;42.82;42.81;42.80;42.68;37.26;0.51
61354;SPS30;47226;5.148.554.199;543.575.943;2021-04-26T11:17:44;Mai 57;Mai 57;Mai 57;Mai 26;42.03;42.02;42.01;41.89;36.57;0.51
61354;SPS30;47226;5.148.554.199;543.575.943;2021-04-26T11:20:18;Mai 68;Mai 68;Mai 68;Mai 38;42.93;42.92;42.90;42.79;37.35;0.51
61354;SPS30;47226;5.148.554.199;543.575.943;2021-04-26T11:22:46;Mai 82;Mai 82;Mai 82;Mai 50;43.95;43.94;43.92;43.81;38.24;0.50
61354;SPS30;47226;5.148.554.199;543.575.943;2021-04-26T11:25:44;Jun 17;Jun 17;Jun 17;Mai 83;46.59;46.58;46.56;46.44;40.54;0.51
61354;SPS30;47226;5.148.554.199;543.575.943;2021-04-26T11:28:10;Mai 99;Mai 99;Mai 99;Mai 66;45.21;45.20;45.19;45.07;39.34;0.49
61354;SPS30;47226;5.148.554.199;543.575.943;2021-04-26T11:30:38;Mai 75;Mai 75;Mai 75;Mai 44;43.45;43.44;43.43;43.32;37.81;0.48
61354;SPS30;47226;5.148.554.199;543.575.943;2021-04-26T11:33:17;Mai 35;Mai 35;Mai 35;05. Jun;40.41;40.40;40.39;40.28;35.16;0.50
61354;SPS30;47226;5.148.554.199;543.575.943;2021-04-26T11:36:13;Mai 29;Mai 29;Mai 29;5.00;39.91;39.90;39.89;39.79;34.73;0.51
61354;SPS30;47226;5.148.554.199;543.575.943;2021-04-26T11:38:41;Mai 31;Mai 31;Mai 31;05. Feb;40.10;40.09;40.08;39.97;34.89;0.51
61354;SPS30;47226;5.148.554.199;543.575.943;2021-04-26T11:41:09;Mai 62;Mai 62;Mai 62;Mai 31;42.40;42.40;42.38;42.27;36.90;0.48
61354;SPS30;47226;5.148.554.199;543.575.943;2021-04-26T11:43:43;Mai 47;Mai 47;Mai 47;Mai 18;41.34;41.33;41.32;41.21;35.97;0.49
61354;SPS30;47226;5.148.554.199;543.575.943;2021-04-26T11:46:09;06. Mrz;06. Mrz;06. Mrz;Mai 71;45.55;45.55;45.53;45.41;39.64;0.48
61354;SPS30;47226;5.148.554.199;543.575.943;2021-04-26T11:48:35;Jun 14;Jun 14;Jun 14;Mai 80;46.33;46.32;46.30;46.18;40.31;0.49
61354;SPS30;47226;5.148.554.199;543.575.943;2021-04-26T11:51:02;Jun 26;Jun 26;Jun 26;Mai 92;47.27;47.26;47.25;47.12;41.14;0.50
61354;SPS30;47226;5.148.554.199;543.575.943;2021-04-26T11:53:30;Jun 33;Jun 33;Jun 33;Mai 99;47.81;47.80;47.79;47.66;41.61;0.48
61354;SPS30;47226;5.148.554.199;543.575.943;2021-04-26T11:56:10;Jun 34;Jun 34;Jun 34;6.00;47.90;47.89;47.88;47.75;41.68;0.50
61354;SPS30;47226;5.148.554.199;543.575.943;2021-04-26T11:58:39;Jun 51;Jun 51;Jun 51;Jun 16;49.17;49.17;49.15;49.02;42.79;0.48
61354;SPS30;47226;5.148.554.199;543.575.943;2021-04-26T12:01:10;Jun 33;Jun 33;Jun 33;Mai 99;47.83;47.82;47.80;47.67;41.62;0.49
61354;SPS30;47226;5.148.554.199;543.575.943;2021-04-26T12:03:56;Jun 41;Jun 41;Jun 41;06. Jul;48.43;48.42;48.41;48.28;42.15;0.49
61354;SPS30;47226;5.148.554.199;543.575.943;2021-04-26T12:06:23;06. Mrz;06. Mrz;06. Mrz;Mai 70;45.54;45.53;45.52;45.40;39.63;0.48
61354;SPS30;47226;5.148.554.199;543.575.943;2021-04-26T12:08:49;Jun 36;Jun 36;Jun 36;06. Jan;48.00;47.99;47.97;47.85;41.77;0.48
61354;SPS30;47226;5.148.554.199;543.575.943;2021-04-26T12:11:17;Mai 88;Mai 88;Mai 88;Mai 56;44.40;44.39;44.38;44.26;38.64;0.48
61354;SPS30;47226;5.148.554.199;543.575.943;2021-04-26T12:13:44;Jun 13;Jun 13;Jun 13;Mai 80;46.29;46.28;46.27;46.15;40.28;0.50
61354;SPS30;47226;5.148.554.199;543.575.943;2021-04-26T12:16:10;Jun 58;Jun 58;Jun 58;Jun 22;49.68;49.67;49.66;49.53;43.23;0.50
61354;SPS30;47226;5.148.554.199;543.575.943;2021-04-26T12:18:57;07. Mrz;07. Mrz;07. Mrz;Jun 64;53.06;53.05;53.03;52.89;46.17;0.49
61354;SPS30;47226;5.148.554.199;543.575.943;2021-04-26T12:21:23;Jun 63;Jun 63;Jun 63;Jun 27;50.06;50.05;50.04;49.91;43.56;0.50
61354;SPS30;47226;5.148.554.199;543.575.943;2021-04-26T12:23:49;Jun 72;Jun 72;Jun 72;Jun 36;50.76;50.75;50.74;50.60;44.17;0.50
61354;SPS30;47226;5.148.554.199;543.575.943;2021-04-26T12:26:14;Jun 99;Jun 99;Jun 99;Jun 61;52.82;52.81;52.79;52.65;45.96;0.49
61354;SPS30;47226;5.148.554.199;543.575.943;2021-04-26T12:28:41;Jun 95;Jun 95;Jun 95;Jun 57;52.45;52.44;52.42;52.28;45.64;0.49
61354;SPS30;47226;5.148.554.199;543.575.943;2021-04-26T12:31:17;7.00;7.00;7.00;Jun 62;52.83;52.82;52.80;52.66;45.97;0.51
61354;SPS30;47226;5.148.554.199;543.575.943;2021-04-26T12:33:45;Jun 81;Jun 81;Jun 81;Jun 44;51.44;51.43;51.42;51.28;44.76;0.48
61354;SPS30;47226;5.148.554.199;543.575.943;2021-04-26T12:36:11;Jun 49;Jun 49;Jun 49;Jun 14;49.00;48.99;48.97;48.84;42.64;0.49
61354;SPS30;47226;5.148.554.199;543.575.943;2021-04-26T12:38:37;07. Apr;07. Apr;07. Apr;Jun 66;53.19;53.18;53.17;53.03;46.29;0.48
61354;SPS30;47226;5.148.554.199;543.575.943;2021-04-26T12:41:05;7.00;7.00;7.00;Jun 62;52.83;52.82;52.80;52.66;45.97;0.49
61354;SPS30;47226;5.148.554.199;543.575.943;2021-04-26T12:43:40;Jun 77;Jun 77;Jun 77;Jun 40;51.11;51.10;51.09;50.95;44.48;0.49
61354;SPS30;47226;5.148.554.199;543.575.943;2021-04-26T12:46:10;Jun 31;Jun 31;Jun 31;Mai 96;47.62;47.61;47.59;47.47;41.44;0.49
61354;SPS30;47226;5.148.554.199;543.575.943;2021-04-26T12:48:39;Jun 97;Jun 97;Jun 97;Jun 59;52.65;52.64;52.63;52.49;45.82;0.50
61354;SPS30;47226;5.148.554.199;543.575.943;2021-04-26T12:51:06;Jun 84;Jun 84;Jun 84;Jun 47;51.63;51.62;51.60;51.47;44.93;0.48
61354;SPS30;47226;5.148.554.199;543.575.943;2021-04-26T12:53:38;Jun 86;Jun 86;Jun 86;Jun 49;51.79;51.78;51.76;51.63;45.07;0.49
61354;SPS30;47226;5.148.554.199;543.575.943;2021-04-26T13:03:40;Jul 29;Jul 29;Jul 29;Jun 89;55.01;55.00;54.98;54.84;47.87;0.50
61354;SPS30;47226;5.148.554.199;543.575.943;2021-04-26T13:06:35;Jul 28;Jul 28;Jul 28;Jun 89;55.00;54.99;54.97;54.83;47.86;0.50
61354;SPS30;47226;5.148.554.199;543.575.943;2021-04-26T13:09:10;Jul 51;Jul 51;Jul 51;07. Okt;56.71;56.70;56.68;56.53;49.35;0.48
61354;SPS30;47226;5.148.554.199;543.575.943;2021-04-26T13:11:40;Jun 99;Jun 99;Jun 99;Jun 61;52.81;52.80;52.78;52.64;45.96;0.49
61354;SPS30;47226;5.148.554.199;543.575.943;2021-04-26T13:14:12;Jul 32;Jul 32;Jul 32;Jun 92;55.29;55.28;55.26;55.11;48.11;0.50
61354;SPS30;47226;5.148.554.199;543.575.943;2021-04-26T13:17:06;Jun 75;Jun 75;Jun 75;Jun 38;50.98;50.97;50.95;50.82;44.36;0.48
61354;SPS30;47226;5.148.554.199;543.575.943;2021-04-26T13:19:35;Jun 72;Jun 72;Jun 72;Jun 35;50.73;50.72;50.70;50.57;44.14;0.48
61354;SPS30;47226;5.148.554.199;543.575.943;2021-04-26T13:22:03;Jun 93;Jun 93;Jun 93;Jun 55;52.33;52.32;52.30;52.16;45.53;0.49
61354;SPS30;47226;5.148.554.199;543.575.943;2021-04-26T13:24:30;07. Okt;07. Okt;07. Okt;Jun 72;53.64;53.63;53.62;53.47;46.68;0.49
61354;SPS30;47226;5.148.554.199;543.575.943;2021-04-26T13:27:05;Jun 35;Jun 35;Jun 35;6.00;47.91;47.90;47.89;47.76;41.69;0.50
61354;SPS30;47226;5.148.554.199;543.575.943;2021-04-26T13:29:37;Jun 31;Jun 31;Jun 31;Mai 97;47.64;47.63;47.62;47.49;41.46;0.49
61354;SPS30;47226;5.148.554.199;543.575.943;2021-04-26T13:32:08;Jun 75;Jun 75;Jun 75;Jun 38;50.94;50.93;50.91;50.78;44.33;0.49
61354;SPS30;47226;5.148.554.199;543.575.943;2021-04-26T13:34:36;07. Mai;07. Mai;07. Mai;Jun 67;53.25;53.24;53.22;53.08;46.34;0.49
61354;SPS30;47226;5.148.554.199;543.575.943;2021-04-26T13:37:04;Jun 88;Jun 88;Jun 88;Jun 50;51.94;51.93;51.91;51.77;45.19;0.49
61354;SPS30;47226;5.148.554.199;543.575.943;2021-04-26T13:39:30;07. Dez;07. Dez;07. Dez;Jun 73;53.75;53.74;53.72;53.58;46.77;0.48
61354;SPS30;47226;5.148.554.199;543.575.943;2021-04-26T13:41:56;Jul 61;Jul 61;Jul 61;Jul 20;57.49;57.48;57.46;57.31;50.03;0.49
61354;SPS30;47226;5.148.554.199;543.575.943;2021-04-26T13:44:23;Jun 95;Jun 95;Jun 95;Jun 58;52.50;52.49;52.47;52.34;45.69;0.49
61354;SPS30;47226;5.148.554.199;543.575.943;2021-04-26T13:46:50;Jul 18;Jul 18;Jul 18;Jun 79;54.20;54.19;54.17;54.03;47.16;0.51
61354;SPS30;47226;5.148.554.199;543.575.943;2021-04-26T13:49:17;Jul 28;Jul 28;Jul 28;Jun 89;55.01;55.00;54.98;54.84;47.87;0.51
61354;SPS30;47226;5.148.554.199;543.575.943;2021-04-26T13:51:44;Jun 65;Jun 65;Jun 65;Jun 29;50.19;50.18;50.17;50.03;43.68;0.51
61354;SPS30;47226;5.148.554.199;543.575.943;2021-04-26T13:54:10;Jun 82;Jun 82;Jun 82;Jun 45;51.53;51.52;51.50;51.36;44.84;0.51
61354;SPS30;47226;5.148.554.199;543.575.943;2021-04-26T13:56:37;Jun 52;Jun 52;Jun 52;Jun 16;49.23;49.22;49.20;49.07;42.84;0.50
61354;SPS30;47226;5.148.554.199;543.575.943;2021-04-26T13:59:06;Jun 77;Jun 77;Jun 77;Jun 40;51.12;51.11;51.10;50.96;44.49;0.49
61354;SPS30;47226;5.148.554.199;543.575.943;2021-04-26T14:01:32;Jun 48;Jun 48;Jun 48;Jun 13;48.91;48.90;48.89;48.76;42.56;0.50
61354;SPS30;47226;5.148.554.199;543.575.943;2021-04-26T14:03:58;Jun 65;Jun 65;Jun 65;Jun 29;50.24;50.23;50.21;50.08;43.72;0.51
61354;SPS30;47226;5.148.554.199;543.575.943;2021-04-26T14:06:23;Jun 67;Jun 67;Jun 67;Jun 31;50.36;50.35;50.34;50.20;43.83;0.51
61354;SPS30;47226;5.148.554.199;543.575.943;2021-04-26T14:08:49;Jun 35;Jun 35;Jun 35;6.00;47.92;47.91;47.89;47.77;41.70;0.50
61354;SPS30;47226;5.148.554.199;543.575.943;2021-04-26T14:11:15;Jun 28;Jun 28;Jun 28;Mai 94;47.41;47.40;47.39;47.26;41.26;0.51
61354;SPS30;47226;5.148.554.199;543.575.943;2021-04-26T14:13:40;Jun 20;Jun 20;Jun 20;Mai 86;46.78;46.77;46.76;46.64;40.71;0.52
61354;SPS30;47226;5.148.554.199;543.575.943;2021-04-26T14:16:06;Jun 25;Jun 25;Jun 25;Mai 91;47.16;47.15;47.14;47.01;41.04;0.49
61354;SPS30;47226;5.148.554.199;543.575.943;2021-04-26T14:18:33;6.00;6.00;6.00;Mai 67;45.30;45.29;45.28;45.16;39.42;0.52
61354;SPS30;47226;5.148.554.199;543.575.943;2021-04-26T14:20:59;Jun 16;Jun 16;Jun 16;Mai 83;46.53;46.52;46.51;46.39;40.49;0.53
61354;SPS30;47226;5.148.554.199;543.575.943;2021-04-26T14:23:25;06. Okt;06. Okt;06. Okt;Mai 77;46.06;46.05;46.04;45.92;40.08;0.51
61354;SPS30;47226;5.148.554.199;543.575.943;2021-04-26T14:25:52;Mai 91;Mai 91;Mai 91;Mai 59;44.62;44.61;44.60;44.48;38.83;0.52
61354;SPS30;47226;5.148.554.199;543.575.943;2021-04-26T14:28:19;Jun 25;Jun 25;Jun 25;Mai 91;47.23;47.22;47.20;47.08;41.10;0.53
61354;SPS30;47226;5.148.554.199;543.575.943;2021-04-26T14:30:46;06. Dez;06. Dez;06. Dez;Mai 78;46.19;46.18;46.17;46.05;40.19;0.53
61354;SPS30;47226;5.148.554.199;543.575.943;2021-04-26T14:33:12;Jun 19;Jun 19;Jun 19;Mai 86;46.78;46.77;46.75;46.63;40.70;0.50
61354;SPS30;47226;5.148.554.199;543.575.943;2021-04-26T14:35:39;Mai 83;Mai 83;Mai 83;Mai 51;44.00;43.99;43.98;43.86;38.29;0.50
61354;SPS30;47226;5.148.554.199;543.575.943;2021-04-26T14:38:06;Mai 93;Mai 93;Mai 93;Mai 61;44.80;44.79;44.78;44.66;38.99;0.49
61354;SPS30;47226;5.148.554.199;543.575.943;2021-04-26T14:40:34;Jun 13;Jun 13;Jun 13;Mai 80;46.28;46.27;46.25;46.13;40.27;0.50
61354;SPS30;47226;5.148.554.199;543.575.943;2021-04-26T14:43:00;Mai 90;Mai 90;Mai 90;Mai 58;44.57;44.56;44.55;44.43;38.79;0.51
61354;SPS30;47226;5.148.554.199;543.575.943;2021-04-26T14:45:26;Mai 94;Mai 94;Mai 94;Mai 62;44.88;44.87;44.86;44.74;39.06;0.50
61354;SPS30;47226;5.148.554.199;543.575.943;2021-04-26T14:47:53;Mai 52;Mai 52;Mai 52;Mai 22;41.69;41.68;41.67;41.56;36.28;0.49
61354;SPS30;47226;5.148.554.199;543.575.943;2021-04-26T14:50:21;Mai 66;Mai 66;Mai 66;Mai 35;42.75;42.74;42.73;42.62;37.20;0.51
61354;SPS30;47226;5.148.554.199;543.575.943;2021-04-26T14:52:48;Mai 50;Mai 50;Mai 50;Mai 20;41.50;41.49;41.48;41.37;36.11;0.50
61354;SPS30;47226;5.148.554.199;543.575.943;2021-04-26T14:55:16;Mai 21;Mai 21;Mai 21;Apr 93;39.34;39.33;39.32;39.22;34.23;0.49
61354;SPS30;47226;5.148.554.199;543.575.943;2021-04-26T14:57:43;Mai 57;Mai 57;Mai 57;Mai 26;42.02;42.02;42.00;41.89;36.57;0.51
61354;SPS30;47226;5.148.554.199;543.575.943;2021-04-26T15:00:10;Mai 61;Mai 61;Mai 61;Mai 31;42.39;42.38;42.37;42.26;36.89;0.51
61354;SPS30;47226;5.148.554.199;543.575.943;2021-04-26T15:02:38;Mai 38;Mai 38;Mai 38;05. Sep;40.64;40.63;40.62;40.51;35.36;0.49
61354;SPS30;47226;5.148.554.199;543.575.943;2021-04-26T15:05:05;Mai 15;Mai 15;Mai 15;Apr 87;38.86;38.85;38.84;38.74;33.82;0.49
61354;SPS30;47226;5.148.554.199;543.575.943;2021-04-26T15:07:32;Apr 93;Apr 93;Apr 93;Apr 66;37.24;37.24;37.23;37.13;32.41;0.50
61354;SPS30;47226;5.148.554.199;543.575.943;2021-04-26T15:09:58;Mai 20;Mai 20;Mai 20;Apr 92;39.28;39.28;39.26;39.16;34.19;0.52
61354;SPS30;47226;5.148.554.199;543.575.943;2021-04-26T15:12:24;Apr 83;Apr 83;Apr 83;Apr 57;36.49;36.48;36.47;36.37;31.75;0.52
61354;SPS30;47226;5.148.554.199;543.575.943;2021-04-26T15:14:49;05. Jul;05. Jul;05. Jul;Apr 80;38.32;38.31;38.30;38.20;33.34;0.53
61354;SPS30;47226;5.148.554.199;543.575.943;2021-04-26T15:17:15;Mai 31;Mai 31;Mai 31;05. Feb;40.08;40.08;40.06;39.96;34.88;0.52
61354;SPS30;47226;5.148.554.199;543.575.943;2021-04-26T15:19:41;Apr 93;Apr 93;Apr 93;Apr 66;37.24;37.23;37.22;37.12;32.40;0.52
61354;SPS30;47226;5.148.554.199;543.575.943;2021-04-26T15:22:16;Apr 85;Apr 85;Apr 84;Apr 57;36.51;36.51;36.49;36.39;31.75;0.54
61354;SPS30;47226;5.148.554.199;543.575.943;2021-04-26T15:24:43;Mai 31;Mai 31;Mai 31;05. Feb;40.11;40.10;40.09;39.98;34.90;0.54
61354;SPS30;47226;5.148.554.199;543.575.943;2021-04-26T15:27:09;Mai 24;Mai 24;Mai 24;Apr 96;39.59;39.58;39.57;39.47;34.45;0.50
61354;SPS30;47226;5.148.554.199;543.575.943;2021-04-26T15:29:36;Mai 53;Mai 53;Mai 53;Mai 23;41.76;41.75;41.74;41.63;36.34;0.50
61354;SPS30;47226;5.148.554.199;543.575.943;2021-04-26T15:32:03;Mai 52;Mai 52;Mai 52;Mai 22;41.69;41.68;41.66;41.55;36.27;0.51
61354;SPS30;47226;5.148.554.199;543.575.943;2021-04-26T15:34:32;Mai 28;Mai 28;Mai 27;Apr 99;39.82;39.81;39.80;39.69;34.65;0.53
61354;SPS30;47226;5.148.554.199;543.575.943;2021-04-26T15:37:01;Mai 24;Mai 24;Mai 24;Apr 95;39.55;39.55;39.53;39.43;34.42;0.54
61354;SPS30;47226;5.148.554.199;543.575.943;2021-04-26T15:39:28;Mai 21;Mai 21;Mai 21;Apr 93;39.34;39.33;39.32;39.22;34.24;0.54
61354;SPS30;47226;5.148.554.199;543.575.943;2021-04-26T15:41:54;Mai 34;Mai 34;Mai 34;05. Mai;40.30;40.29;40.27;40.17;35.06;0.51
61354;SPS30;47226;5.148.554.199;543.575.943;2021-04-26T15:44:20;Mai 19;Mai 19;Mai 19;Apr 91;39.19;39.19;39.17;39.07;34.11;0.51
61354;SPS30;47226;5.148.554.199;543.575.943;2021-04-26T15:46:45;Mai 35;Mai 35;Mai 35;05. Jun;40.39;40.38;40.37;40.26;35.15;0.52
61354;SPS30;47226;5.148.554.199;543.575.943;2021-04-26T15:49:11;05. Jun;05. Jun;05. Jun;Apr 78;38.20;38.19;38.18;38.08;33.24;0.53
61354;SPS30;47226;5.148.554.199;543.575.943;2021-04-26T15:51:36;Mai 40;Mai 40;Mai 40;05. Nov;40.77;40.76;40.75;40.64;35.48;0.52
61354;SPS30;47226;5.148.554.199;543.575.943;2021-04-26T15:54:02;Mai 42;Mai 42;Mai 42;Mai 13;40.94;40.94;40.92;40.82;35.63;0.52
61354;SPS30;47226;5.148.554.199;543.575.943;2021-04-26T15:56:28;05. Dez;05. Dez;05. Dez;Apr 84;38.67;38.67;38.65;38.55;33.65;0.51
61354;SPS30;47226;5.148.554.199;543.575.943;2021-04-26T15:58:53;Mai 41;Mai 41;Mai 41;05. Dez;40.85;40.84;40.83;40.72;35.54;0.53
61354;SPS30;47226;5.148.554.199;543.575.943;2021-04-26T16:01:21;Mai 44;Mai 44;Mai 44;Mai 14;41.06;41.05;41.03;40.92;35.72;0.55
61354;SPS30;47226;5.148.554.199;543.575.943;2021-04-26T16:03:46;Mai 64;Mai 64;Mai 64;Mai 33;42.59;42.58;42.57;42.45;37.06;0.54
61354;SPS30;47226;5.148.554.199;543.575.943;2021-04-26T16:06:12;Mai 44;Mai 44;Mai 44;Mai 14;41.05;41.05;41.03;40.92;35.72;0.53
61354;SPS30;47226;5.148.554.199;543.575.943;2021-04-26T16:08:38;Mai 15;Mai 15;Mai 15;Apr 87;38.87;38.86;38.85;38.75;33.82;0.54
61354;SPS30;47226;5.148.554.199;543.575.943;2021-04-26T16:11:04;5.00;5.00;5.00;Apr 73;37.79;37.78;37.77;37.67;32.88;0.52
61354;SPS30;47226;5.148.554.199;543.575.943;2021-04-26T16:13:30;5.00;5.00;Apr 99;Apr 71;37.64;37.63;37.62;37.51;32.73;0.54
61354;SPS30;47226;5.148.554.199;543.575.943;2021-04-26T16:15:55;05. Feb;05. Feb;5.00;Apr 70;37.53;37.53;37.51;37.38;32.59;0.56
61354;SPS30;47226;5.148.554.199;543.575.943;2021-04-26T16:18:21;05. Mai;05. Mai;05. Apr;Apr 77;38.07;38.06;38.05;37.94;33.12;0.55
61354;SPS30;47226;5.148.554.199;543.575.943;2021-04-26T16:20:47;Mai 17;Mai 17;Mai 17;Apr 88;38.99;38.98;38.97;38.86;33.92;0.55
61354;SPS30;47226;5.148.554.199;543.575.943;2021-04-26T16:23:12;Mai 17;Mai 17;Mai 17;Apr 89;39.02;39.01;39.00;38.89;33.95;0.54
61354;SPS30;47226;5.148.554.199;543.575.943;2021-04-26T16:25:38;Mai 29;Mai 29;Mai 29;5.00;39.95;39.94;39.93;39.82;34.76;0.53
61354;SPS30;47226;5.148.554.199;543.575.943;2021-04-26T16:28:05;Mai 28;Mai 27;Mai 27;Apr 98;39.74;39.74;39.72;39.61;34.57;0.53
61354;SPS30;47226;5.148.554.199;543.575.943;2021-04-26T16:30:31;Mai 40;Mai 39;Mai 37;05. Mai;40.35;40.34;40.32;40.18;35.03;0.56
61354;SPS30;47226;5.148.554.199;543.575.943;2021-04-26T16:32:56;Apr 97;Apr 97;Apr 97;Apr 70;37.52;37.51;37.50;37.40;32.65;0.53
61354;SPS30;47226;5.148.554.199;543.575.943;2021-04-26T16:35:23;Mai 56;Mai 56;Mai 56;Mai 26;42.01;42.00;41.99;41.88;36.56;0.53
61354;SPS30;47226;5.148.554.199;543.575.943;2021-04-26T16:37:49;Mai 21;Mai 20;Mai 20;Apr 92;39.30;39.29;39.28;39.17;34.19;0.54
61354;SPS30;47226;5.148.554.199;543.575.943;2021-04-26T16:40:17;Mai 24;Mai 24;Mai 24;Apr 96;39.58;39.58;39.56;39.46;34.45;0.52
61354;SPS30;47226;5.148.554.199;543.575.943;2021-04-26T16:42:44;Mai 17;Mai 17;Mai 17;Apr 89;39.06;39.06;39.04;38.94;33.99;0.52
61354;SPS30;47226;5.148.554.199;543.575.943;2021-04-26T16:45:11;Apr 86;Apr 86;Apr 86;Apr 59;36.67;36.66;36.65;36.55;31.91;0.54
61354;SPS30;47226;5.148.554.199;543.575.943;2021-04-26T16:47:39;Apr 74;Apr 74;Apr 74;Apr 48;35.75;35.74;35.73;35.63;31. Okt;0.54
61354;SPS30;47226;5.148.554.199;543.575.943;2021-04-26T16:50:07;05. Feb;05. Feb;05. Feb;Apr 74;37.87;37.86;37.85;37.75;32.95;0.54
61354;SPS30;47226;5.148.554.199;543.575.943;2021-04-26T16:52:35;Mai 26;Mai 26;Mai 26;Apr 97;39.67;39.66;39.65;39.54;34.51;0.54
61354;SPS30;47226;5.148.554.199;543.575.943;2021-04-26T16:55:01;Mai 51;Mai 50;Mai 49;Mai 18;41.35;41.34;41.33;41.20;35.94;0.55
61354;SPS30;47226;5.148.554.199;543.575.943;2021-04-26T16:57:26;Mai 26;Mai 26;Mai 26;Apr 97;39.67;39.66;39.65;39.54;34.51;0.54
61354;SPS30;47226;5.148.554.199;543.575.943;2021-04-26T16:59:52;Mai 26;Mai 26;Mai 26;Apr 97;39.71;39.71;39.69;39.59;34.56;0.53
61354;SPS30;47226;5.148.554.199;543.575.943;2021-04-26T17:02:18;Apr 97;Apr 97;Apr 97;Apr 70;37.54;37.53;37.52;37.42;32.66;0.54
61354;SPS30;47226;5.148.554.199;543.575.943;2021-04-26T17:04:44;Mai 35;Mai 35;Mai 35;05. Jun;40.39;40.38;40.37;40.26;35.14;0.55
61354;SPS30;47226;5.148.554.199;543.575.943;2021-04-26T17:07:10;Apr 94;Apr 94;Apr 93;Apr 64;37.06;37.05;37.03;36.91;32.19;0.56
61354;SPS30;47226;5.148.554.199;543.575.943;2021-04-26T17:09:36;Mai 33;Mai 32;Mai 29;Apr 96;39.58;39.57;39.54;39.39;34.31;0.57
61354;SPS30;47226;5.148.554.199;543.575.943;2021-04-26T17:12:03;Mai 36;Mai 36;Mai 35;05. Mai;40.37;40.36;40.34;40.23;35.10;0.55
61354;SPS30;47226;5.148.554.199;543.575.943;2021-04-26T17:14:29;Mai 31;Mai 31;Mai 31;05. Feb;40.09;40.08;40.07;39.96;34.89;0.53
61354;SPS30;47226;5.148.554.199;543.575.943;2021-04-26T17:16:55;Mai 30;Mai 30;Mai 30;05. Jan;40.00;39.99;39.98;39.88;34.81;0.52
61354;SPS30;47226;5.148.554.199;543.575.943;2021-04-26T17:19:20;05. Okt;05. Okt;05. Okt;Apr 82;38.52;38.51;38.50;38.40;33.52;0.52
61354;SPS30;47226;5.148.554.199;543.575.943;2021-04-26T17:21:46;Mai 16;Mai 16;Mai 16;Apr 88;38.93;38.93;38.91;38.81;33.88;0.54
61354;SPS30;47226;5.148.554.199;543.575.943;2021-04-26T17:24:12;05. Apr;05. Apr;05. Feb;Apr 74;37.81;37.80;37.79;37.67;32.86;0.55
61354;SPS30;47226;5.148.554.199;543.575.943;2021-04-26T17:26:38;Apr 82;Apr 82;Apr 81;Apr 54;36.28;36.27;36.26;36.15;31.54;0.55
61354;SPS30;47226;5.148.554.199;543.575.943;2021-04-26T17:29:06;Apr 95;Apr 95;Apr 95;Apr 68;37.33;37.33;37.31;37.21;32.48;0.55
61354;SPS30;47226;5.148.554.199;543.575.943;2021-04-26T17:31:33;Apr 73;Apr 73;Apr 72;Apr 46;35.63;35.62;35.61;35.51;30.99;0.55
61354;SPS30;47226;5.148.554.199;543.575.943;2021-04-26T17:33:58;Apr 76;Apr 76;Apr 76;Apr 51;35.97;35.97;35.96;35.86;31.30;0.53
61354;SPS30;47226;5.148.554.199;543.575.943;2021-04-26T17:36:24;05. Aug;05. Aug;05. Jul;Apr 79;38.26;38.25;38.23;38.13;33.27;0.55
61354;SPS30;47226;5.148.554.199;543.575.943;2021-04-26T17:38:50;Apr 84;Apr 83;Apr 83;Apr 55;36.35;36.35;36.33;36.22;31.61;0.56
61354;SPS30;47226;5.148.554.199;543.575.943;2021-04-26T17:41:15;05. Jan;05. Jan;05. Jan;Apr 74;37.85;37.84;37.83;37.73;32.94;0.55
61354;SPS30;47226;5.148.554.199;543.575.943;2021-04-26T17:43:41;5.00;5.00;5.00;Apr 73;37.76;37.75;37.74;37.64;32.86;0.53
61354;SPS30;47226;5.148.554.199;543.575.943;2021-04-26T17:46:07;05. Okt;05. Okt;05. Okt;Apr 82;38.51;38.50;38.49;38.39;33.51;0.52
61354;SPS30;47226;5.148.554.199;543.575.943;2021-04-26T17:48:32;Mai 29;Mai 29;Mai 27;Apr 96;39.62;39.61;39.59;39.46;34.41;0.56
61354;SPS30;47226;5.148.554.199;543.575.943;2021-04-26T17:50:58;Mai 35;Mai 35;Mai 31;Apr 99;39.82;39.81;39.79;39.63;34.53;0.57
61354;SPS30;47226;5.148.554.199;543.575.943;2021-04-26T17:53:24;Mai 50;Mai 50;Mai 49;Mai 19;41.41;41.40;41.39;41.27;36.02;0.54
61354;SPS30;47226;5.148.554.199;543.575.943;2021-04-26T17:55:50;05. Sep;05. Sep;05. Sep;Apr 81;38.42;38.41;38.40;38.30;33.43;0.52
61354;SPS30;47226;5.148.554.199;543.575.943;2021-04-26T17:58:16;Apr 79;Apr 79;Apr 79;Apr 53;36.13;36.13;36.11;36.02;31.44;0.52
61354;SPS30;47226;5.148.554.199;543.575.943;2021-04-26T18:00:41;Mai 36;Mai 36;Mai 36;05. Jul;40.48;40.47;40.46;40.35;35.22;0.53
61354;SPS30;47226;5.148.554.199;543.575.943;2021-04-26T18:03:07;Apr 86;Apr 86;Apr 86;Apr 60;36.70;36.69;36.68;36.59;31.94;0.52
61354;SPS30;47226;5.148.554.199;543.575.943;2021-04-26T18:05:33;Mai 27;Mai 27;Mai 27;Apr 98;39.79;39.78;39.77;39.66;34.62;0.51
61354;SPS30;47226;5.148.554.199;543.575.943;2021-04-26T18:08:01;Mai 18;Mai 18;Mai 18;Apr 89;39.08;39.07;39.06;38.95;34.00;0.51
61354;SPS30;47226;5.148.554.199;543.575.943;2021-04-26T18:10:26;Mai 13;Mai 13;Mai 13;Apr 86;38.77;38.76;38.75;38.65;33.74;0.53
61354;SPS30;47226;5.148.554.199;543.575.943;2021-04-26T18:12:52;Apr 75;Apr 75;Apr 75;Apr 49;35.83;35.83;35.82;35.72;31.18;0.53
61354;SPS30;47226;5.148.554.199;543.575.943;2021-04-26T18:15:19;Apr 83;Apr 83;Apr 83;Apr 56;36.40;36.39;36.38;36.27;31.66;0.54
61354;SPS30;47226;5.148.554.199;543.575.943;2021-04-26T18:17:47;Apr 62;Apr 62;Apr 62;Apr 37;34.86;34.86;34.84;34.75;30.33;0.53
61354;SPS30;47226;5.148.554.199;543.575.943;2021-04-26T18:20:15;Apr 88;Apr 88;Apr 88;Apr 62;36.87;36.86;36.85;36.75;32.08;0.54
61354;SPS30;47226;5.148.554.199;543.575.943;2021-04-26T18:22:42;05. Jan;05. Jan;05. Jan;Apr 74;37.87;37.86;37.85;37.75;32.95;0.53
61354;SPS30;47226;5.148.554.199;543.575.943;2021-04-26T18:25:10;Apr 76;Apr 76;Apr 76;Apr 50;35.97;35.96;35.95;35.86;31.30;0.53
61354;SPS30;47226;5.148.554.199;543.575.943;2021-04-26T18:27:38;Apr 87;Apr 87;Apr 87;Apr 60;36.74;36.73;36.72;36.62;31.96;0.54
61354;SPS30;47226;5.148.554.199;543.575.943;2021-04-26T18:30:06;Mai 38;Mai 37;Mai 33;5.00;39.93;39.92;39.90;39.74;34.62;0.57
61354;SPS30;47226;5.148.554.199;543.575.943;2021-04-26T18:32:33;Mai 25;Mai 25;Mai 23;Apr 91;39.25;39.24;39.22;39.08;34.07;0.56
61354;SPS30;47226;5.148.554.199;543.575.943;2021-04-26T18:34:58;Mai 55;Mai 54;Mai 53;Mai 22;41.68;41.67;41.66;41.53;36.23;0.57
61354;SPS30;47226;5.148.554.199;543.575.943;2021-04-26T18:37:24;Mai 22;Mai 22;Mai 21;Apr 91;39.23;39.23;39.21;39.09;34.11;0.56
61354;SPS30;47226;5.148.554.199;543.575.943;2021-04-26T18:39:50;Mai 18;Mai 18;Mai 17;Apr 88;38.97;38.96;38.95;38.83;33.88;0.56
61354;SPS30;47226;5.148.554.199;543.575.943;2021-04-26T18:42:16;Mai 13;Mai 13;Mai 13;Apr 85;38.70;38.69;38.68;38.57;33.67;0.54
61354;SPS30;47226;5.148.554.199;543.575.943;2021-04-26T18:44:42;Mai 20;Mai 20;Mai 20;Apr 92;39.27;39.26;39.25;39.15;34.17;0.53
61354;SPS30;47226;5.148.554.199;543.575.943;2021-04-26T18:47:08;Mai 46;Mai 46;Mai 46;Mai 17;41.27;41.26;41.24;41.14;35.91;0.53
61354;SPS30;47226;5.148.554.199;543.575.943;2021-04-26T18:49:34;05. Jan;05. Jan;05. Jan;Apr 74;37.82;37.81;37.80;37.70;32.91;0.53
61354;SPS30;47226;5.148.554.199;543.575.943;2021-04-26T18:52:00;Apr 56;Apr 56;Apr 56;Apr 31;34.41;34.40;34.39;34.30;29.94;0.53
61354;SPS30;47226;5.148.554.199;543.575.943;2021-04-26T18:54:27;Apr 69;Apr 69;Apr 69;Apr 43;35.38;35.37;35.36;35.27;30.78;0.55
61354;SPS30;47226;5.148.554.199;543.575.943;2021-04-26T18:56:53;Mai 15;Mai 15;Mai 15;Apr 86;38.82;38.82;38.80;38.69;33.77;0.55
61354;SPS30;47226;5.148.554.199;543.575.943;2021-04-26T18:59:19;Apr 99;Apr 99;Apr 97;Apr 69;37.41;37.41;37.39;37.27;32.51;0.57
61354;SPS30;47226;5.148.554.199;543.575.943;2021-04-26T19:01:45;05. Mrz;05. Mrz;05. Mrz;Apr 75;37.94;37.94;37.92;37.82;33.01;0.55
61354;SPS30;47226;5.148.554.199;543.575.943;2021-04-26T19:04:10;Apr 81;Apr 81;Apr 81;Apr 55;36.30;36.30;36.28;36.19;31.59;0.54
61354;SPS30;47226;5.148.554.199;543.575.943;2021-04-26T19:06:36;Apr 81;Apr 81;Apr 81;Apr 55;36.36;36.35;36.34;36.24;31.64;0.53
61354;SPS30;47226;5.148.554.199;543.575.943;2021-04-26T19:09:03;Apr 94;Apr 94;Apr 94;Apr 66;37.23;37.22;37.21;37.10;32.38;0.56
61354;SPS30;47226;5.148.554.199;543.575.943;2021-04-26T19:11:29;Apr 93;Apr 93;Apr 90;Apr 61;36.78;36.77;36.75;36.62;31.92;0.57
61354;SPS30;47226;5.148.554.199;543.575.943;2021-04-26T19:13:55;Apr 80;Apr 80;Apr 76;Apr 45;35.58;35.57;35.55;35.40;30.83;0.59
61354;SPS30;47226;5.148.554.199;543.575.943;2021-04-26T19:16:21;Apr 96;Apr 96;Apr 93;Apr 64;37.02;37.02;37.00;36.87;32.13;0.56
61354;SPS30;47226;5.148.554.199;543.575.943;2021-04-26T19:18:46;Apr 95;Apr 95;Apr 95;Apr 68;37.37;37.36;37.35;37.24;32.51;0.55
61354;SPS30;47226;5.148.554.199;543.575.943;2021-04-26T19:21:12;Mai 16;Mai 16;Mai 16;Apr 87;38.88;38.87;38.86;38.75;33.81;0.57
61354;SPS30;47226;5.148.554.199;543.575.943;2021-04-26T19:23:37;05. Sep;05. Sep;05. Aug;Apr 80;38.32;38.31;38.29;38.18;33.32;0.57
61354;SPS30;47226;5.148.554.199;543.575.943;2021-04-26T19:26:03;Mai 22;Mai 22;Mai 22;Apr 93;39.36;39.35;39.34;39.23;34.24;0.56
61354;SPS30;47226;5.148.554.199;543.575.943;2021-04-26T19:28:29;05. Sep;05. Sep;05. Aug;Apr 78;38.20;38.20;38.18;38.06;33.20;0.57
61354;SPS30;47226;5.148.554.199;543.575.943;2021-04-26T19:30:55;Mai 43;Mai 42;Mai 42;05. Nov;40.84;40.83;40.82;40.70;35.51;0.56
61354;SPS30;47226;5.148.554.199;543.575.943;2021-04-26T19:33:21;Mai 34;Mai 34;Mai 33;05. Mrz;40.15;40.14;40.13;40.01;34.90;0.56
61354;SPS30;47226;5.148.554.199;543.575.943;2021-04-26T19:35:46;Mai 40;Mai 40;Mai 39;05. Aug;40.54;40.53;40.51;40.38;35.22;0.55
61354;SPS30;47226;5.148.554.199;543.575.943;2021-04-26T19:38:12;Mai 87;Mai 87;Mai 83;Mai 48;43.73;43.72;43.69;43.53;37.93;0.56
61354;SPS30;47226;5.148.554.199;543.575.943;2021-04-26T19:40:40;Mai 75;Mai 75;Mai 75;Mai 44;43.40;43.39;43.38;43.26;37.76;0.55
61354;SPS30;47226;5.148.554.199;543.575.943;2021-04-26T19:43:07;Mai 39;Mai 39;Mai 39;05. Okt;40.72;40.71;40.69;40.59;35.43;0.54
61354;SPS30;47226;5.148.554.199;543.575.943;2021-04-26T19:45:34;Mai 48;Mai 48;Mai 47;Mai 16;41.21;41.20;41.18;41.06;35.83;0.55
61354;SPS30;47226;5.148.554.199;543.575.943;2021-04-26T19:48:18;Mai 57;Mai 56;Mai 56;Mai 26;42.00;41.99;41.98;41.87;36.54;0.55
61354;SPS30;47226;5.148.554.199;543.575.943;2021-04-26T19:50:46;Mai 40;Mai 39;Mai 37;05. Jun;40.41;40.40;40.38;40.25;35.10;0.57
61354;SPS30;47226;5.148.554.199;543.575.943;2021-04-26T19:53:13;Mai 38;Mai 37;Mai 35;05. Mrz;40.16;40.15;40.13;39.99;34.86;0.57
61354;SPS30;47226;5.148.554.199;543.575.943;2021-04-26T19:55:40;Mai 35;Mai 35;Mai 34;05. Mai;40.31;40.30;40.28;40.17;35.06;0.55
61354;SPS30;47226;5.148.554.199;543.575.943;2021-04-26T19:58:07;Jun 78;Jun 77;Jun 76;Jun 37;50.88;50.87;50.85;50.70;44.22;0.57
61354;SPS30;47226;5.148.554.199;543.575.943;2021-04-26T20:00:34;Aug 74;Aug 73;Aug 68;Aug 15;65.07;65.05;65.02;64.77;56.44;0.58
61354;SPS30;47226;5.148.554.199;543.575.943;2021-04-26T20:03:01;Sep 40;Sep 39;Sep 34;Aug 77;70.07;70.05;70.02;69.76;60.80;0.58
61354;SPS30;47226;5.148.554.199;543.575.943;2021-04-26T20:05:27;Okt 30;Okt 29;Okt 25;Sep 65;77.05;77.03;77.00;76.73;66.91;0.56
61354;SPS30;47226;5.148.554.199;543.575.943;2021-04-26T20:07:52;Sep 90;Sep 89;Sep 85;Sep 26;73.95;73.94;73.90;73.64;64.20;0.57
61354;SPS30;47226;5.148.554.199;543.575.943;2021-04-26T20:10:19;Sep 98;Sep 97;Sep 92;Sep 33;74.48;74.46;74.43;74.16;64.64;0.58
61354;SPS30;47226;5.148.554.199;543.575.943;2021-04-26T20:12:45;Sep 21;Sep 20;Sep 19;Aug 68;69.28;69.27;69.24;69.04;60.25;0.55
61354;SPS30;47226;5.148.554.199;543.575.943;2021-04-26T20:15:11;Aug 59;Aug 59;Aug 57;08. Sep;64.61;64.60;64.57;64.38;56.18;0.56
61354;SPS30;47226;5.148.554.199;543.575.943;2021-04-26T20:17:38;Aug 56;Aug 55;Aug 55;08. Jul;64.47;64.46;64.44;64.26;56.08;0.55
61354;SPS30;47226;5.148.554.199;543.575.943;2021-04-26T20:20:06;Aug 75;Aug 75;Aug 73;Aug 24;65.78;65.76;65.74;65.54;57.18;0.56
61354;SPS30;47226;5.148.554.199;543.575.943;2021-04-26T20:22:35;Aug 65;Aug 65;Aug 65;Aug 17;65.27;65.26;65.24;65.06;56.79;0.55
61354;SPS30;47226;5.148.554.199;543.575.943;2021-04-26T20:25:02;Aug 87;Aug 87;Aug 87;Aug 38;66.93;66.92;66.89;66.72;58.23;0.55
61354;SPS30;47226;5.148.554.199;543.575.943;2021-04-26T20:27:28;Aug 20;Aug 20;Aug 20;Jul 75;61.92;61.90;61.88;61.72;53.88;0.53
61354;SPS30;47226;5.148.554.199;543.575.943;2021-04-26T20:29:54;08. Aug;08. Aug;08. Aug;Jul 64;61.00;60.99;60.97;60.81;53.08;0.53
61354;SPS30;47226;5.148.554.199;543.575.943;2021-04-26T20:32:20;Jul 67;Jul 67;Jul 67;Jul 25;57.90;57.89;57.87;57.72;50.39;0.54
61354;SPS30;47226;5.148.554.199;543.575.943;2021-04-26T20:34:46;Jul 73;Jul 73;Jul 73;Jul 31;58.37;58.36;58.34;58.18;50.79;0.55
61354;SPS30;47226;5.148.554.199;543.575.943;2021-04-26T20:37:11;Jul 67;Jul 67;Jul 65;Jul 21;57.59;57.58;57.56;57.38;50.05;0.56
61354;SPS30;47226;5.148.554.199;543.575.943;2021-04-26T20:39:38;Jul 88;Jul 88;Jul 86;Jul 42;59.24;59.23;59.21;59.03;51.50;0.56
61354;SPS30;47226;5.148.554.199;543.575.943;2021-04-26T20:42:05;Aug 53;Aug 52;Aug 49;Jul 99;63.79;63.78;63.75;63.53;55.39;0.56
61354;SPS30;47226;5.148.554.199;543.575.943;2021-04-26T20:44:31;Aug 15;Aug 15;Aug 15;Jul 70;61.50;61.49;61.47;61.30;53.51;0.53
61354;SPS30;47226;5.148.554.199;543.575.943;2021-04-26T20:46:57;Jul 82;Jul 82;Jul 82;Jul 40;59.06;59.05;59.03;58.88;51.39;0.55
61354;SPS30;47226;5.148.554.199;543.575.943;2021-04-26T20:49:23;08. Sep;08. Sep;08. Sep;Jul 65;61.06;61.05;61.03;60.87;53.13;0.54
61354;SPS30;47226;5.148.554.199;543.575.943;2021-04-26T20:51:49;Jul 88;Jul 88;Jul 88;Jul 45;59.48;59.47;59.45;59.29;51.76;0.53
61354;SPS30;47226;5.148.554.199;543.575.943;2021-04-26T20:54:14;Jul 44;Jul 44;Jul 44;07. Apr;56.20;56.19;56.17;56.02;48.90;0.53
61354;SPS30;47226;5.148.554.199;543.575.943;2021-04-26T20:56:41;Jul 47;Jul 47;Jul 47;07. Jun;56.38;56.37;56.35;56.20;49.06;0.52
61354;SPS30;47226;5.148.554.199;543.575.943;2021-04-26T20:59:07;Jul 84;Jul 84;Jul 84;Jul 42;59.22;59.21;59.19;59.03;51.53;0.51
61354;SPS30;47226;5.148.554.199;543.575.943;2021-04-26T21:01:33;Jul 92;Jul 92;Jul 92;Jul 49;59.80;59.79;59.77;59.61;52.04;0.53
61354;SPS30;47226;5.148.554.199;543.575.943;2021-04-26T21:03:58;Aug 23;Aug 23;Aug 22;Jul 76;62.00;61.98;61.96;61.79;53.92;0.55
61354;SPS30;47226;5.148.554.199;543.575.943;2021-04-26T21:06:24;Jul 99;Jul 98;Jul 97;Jul 52;60.04;60.03;60.01;59.83;52.20;0.55
61354;SPS30;47226;5.148.554.199;543.575.943;2021-04-26T21:08:50;Jul 69;Jul 68;Jul 66;Jul 23;57.70;57.69;57.66;57.48;50.14;0.56
61354;SPS30;47226;5.148.554.199;543.575.943;2021-04-26T21:11:15;Jul 66;Jul 65;Jul 64;Jul 20;57.52;57.50;57.48;57.30;49.99;0.54
61354;SPS30;47226;5.148.554.199;543.575.943;2021-04-26T21:13:41;Jun 85;Jun 84;Jun 83;Jun 45;51.49;51.48;51.46;51.30;44.76;0.56
61354;SPS30;47226;5.148.554.199;543.575.943;2021-04-26T21:16:06;Jun 91;Jun 90;Jun 89;Jun 51;51.95;51.94;51.92;51.77;45.17;0.54
61354;SPS30;47226;5.148.554.199;543.575.943;2021-04-26T21:18:32;Jun 53;Jun 53;Jun 53;Jun 17;49.30;49.29;49.27;49.14;42.90;0.54
61354;SPS30;47226;5.148.554.199;543.575.943;2021-04-26T21:20:58;Jun 85;Jun 85;Jun 85;Jun 48;51.75;51.74;51.72;51.58;45.03;0.54
61354;SPS30;47226;5.148.554.199;543.575.943;2021-04-26T21:23:24;Jun 65;Jun 65;Jun 64;Jun 27;50.08;50.07;50.05;49.91;43.56;0.55
61354;SPS30;47226;5.148.554.199;543.575.943;2021-04-26T21:25:50;Jun 76;Jun 76;Jun 75;Jun 37;50.88;50.87;50.85;50.70;44.24;0.56
61354;SPS30;47226;5.148.554.199;543.575.943;2021-04-26T21:28:16;Jun 35;Jun 35;Jun 34;Mai 98;47.73;47.72;47.70;47.55;41.48;0.56
61354;SPS30;47226;5.148.554.199;543.575.943;2021-04-26T21:30:42;Jun 26;Jun 26;Jun 25;Mai 91;47.15;47.15;47.13;46.99;41.01;0.55
61354;SPS30;47226;5.148.554.199;543.575.943;2021-04-26T21:33:07;Jun 47;Jun 47;Jun 47;06. Dez;48.87;48.86;48.85;48.72;42.53;0.53
61354;SPS30;47226;5.148.554.199;543.575.943;2021-04-26T21:35:33;Jun 51;Jun 51;Jun 50;Jun 13;48.97;48.96;48.94;48.80;42.58;0.56
61354;SPS30;47226;5.148.554.199;543.575.943;2021-04-26T21:37:59;06. Okt;06. Okt;06. Sep;Mai 76;45.97;45.96;45.95;45.82;39.99;0.55
61354;SPS30;47226;5.148.554.199;543.575.943;2021-04-26T21:40:24;Mai 72;Mai 72;Mai 72;Mai 41;43.19;43.18;43.17;43.05;37.58;0.55
61354;SPS30;47226;5.148.554.199;543.575.943;2021-04-26T21:42:50;Mai 79;Mai 79;Mai 78;Mai 47;43.64;43.63;43.62;43.49;37.96;0.55
61354;SPS30;47226;5.148.554.199;543.575.943;2021-04-26T21:45:16;Mai 94;Mai 94;Mai 94;Mai 61;44.83;44.82;44.80;44.68;39.00;0.55
61354;SPS30;47226;5.148.554.199;543.575.943;2021-04-26T21:47:42;6.00;6.00;6.00;Mai 66;45.21;45.20;45.19;45.06;39.32;0.54
61354;SPS30;47226;5.148.554.199;543.575.943;2021-04-26T21:50:08;Mai 82;Mai 82;Mai 82;Mai 50;43.95;43.95;43.93;43.82;38.25;0.54
61354;SPS30;47226;5.148.554.199;543.575.943;2021-04-26T21:52:34;Mai 60;Mai 60;Mai 59;Mai 29;42.22;42.21;42.20;42.08;36.73;0.55
61354;SPS30;47226;5.148.554.199;543.575.943;2021-04-26T21:54:59;Mai 95;Mai 95;Mai 95;Mai 63;44.96;44.95;44.94;44.82;39.12;0.53
61354;SPS30;47226;5.148.554.199;543.575.943;2021-04-26T21:57:28;Mai 62;Mai 62;Mai 61;Mai 30;42.35;42.34;42.32;42.21;36.84;0.55
61354;SPS30;47226;5.148.554.199;543.575.943;2021-04-26T21:59:54;Mai 70;Mai 70;Mai 70;Mai 38;42.99;42.99;42.97;42.85;37.40;0.55
61354;SPS30;47226;5.148.554.199;543.575.943;2021-04-26T22:02:20;Mai 42;Mai 42;Mai 42;05. Dez;40.92;40.91;40.90;40.79;35.61;0.53
61354;SPS30;47226;5.148.554.199;543.575.943;2021-04-26T22:04:45;Mai 84;Mai 84;Mai 84;Mai 52;44.12;44.11;44.09;43.98;38.39;0.51
61354;SPS30;47226;5.148.554.199;543.575.943;2021-04-26T22:07:11;Mai 74;Mai 73;Mai 73;Mai 42;43.29;43.28;43.26;43.15;37.66;0.53
61354;SPS30;47226;5.148.554.199;543.575.943;2021-04-26T22:09:37;Mai 32;Mai 31;Mai 30;Apr 99;39.86;39.86;39.84;39.71;34.64;0.55
61354;SPS30;47226;5.148.554.199;543.575.943;2021-04-26T22:12:03;Mai 29;Mai 29;Mai 29;05. Jan;39.97;39.96;39.95;39.84;34.78;0.53
61354;SPS30;47226;5.148.554.199;543.575.943;2021-04-26T22:14:29;Mai 36;Mai 36;Mai 36;05. Jun;40.44;40.43;40.42;40.31;35.19;0.52
61354;SPS30;47226;5.148.554.199;543.575.943;2021-04-26T22:16:55;Mai 38;Mai 38;Mai 38;05. Aug;40.60;40.59;40.58;40.47;35.33;0.50
61354;SPS30;47226;5.148.554.199;543.575.943;2021-04-26T22:19:20;Mai 69;Mai 69;Mai 69;Mai 38;42.94;42.93;42.92;42.81;37.37;0.51
61354;SPS30;47226;5.148.554.199;543.575.943;2021-04-26T22:21:46;Mai 37;Mai 37;Mai 37;05. Jul;40.51;40.50;40.49;40.38;35.25;0.51
61354;SPS30;47226;5.148.554.199;543.575.943;2021-04-26T22:24:12;Mai 37;Mai 37;Mai 37;05. Aug;40.53;40.52;40.51;40.40;35.27;0.51
61354;SPS30;47226;5.148.554.199;543.575.943;2021-04-26T22:26:40;Mai 32;Mai 32;Mai 32;05. Mrz;40.17;40.17;40.15;40.05;34.96;0.53
61354;SPS30;47226;5.148.554.199;543.575.943;2021-04-26T22:29:06;Mai 24;Mai 24;Mai 23;Apr 94;39.48;39.47;39.45;39.34;34.33;0.55
61354;SPS30;47226;5.148.554.199;543.575.943;2021-04-26T22:31:32;Mai 31;Mai 31;Mai 31;05. Mrz;40.13;40.13;40.11;40.01;34.92;0.52
61354;SPS30;47226;5.148.554.199;543.575.943;2021-04-26T22:33:58;Mai 35;Mai 35;Mai 35;05. Jun;40.38;40.37;40.36;40.25;35.13;0.51
61354;SPS30;47226;5.148.554.199;543.575.943;2021-04-26T22:36:24;05. Okt;05. Okt;05. Aug;Apr 79;38.26;38.25;38.24;38.12;33.25;0.53
61354;SPS30;47226;5.148.554.199;543.575.943;2021-04-26T22:38:50;Mai 42;Mai 41;Mai 40;05. Aug;40.58;40.57;40.55;40.42;35.25;0.54
61354;SPS30;47226;5.148.554.199;543.575.943;2021-04-26T22:41:20;Apr 91;Apr 91;Apr 91;Apr 64;37.06;37.05;37.04;36.94;32.25;0.52
61354;SPS30;47226;5.148.554.199;543.575.943;2021-04-26T22:43:47;Apr 78;Apr 78;Apr 78;Apr 52;36.06;36.05;36.04;35.95;31.38;0.52
61354;SPS30;47226;5.148.554.199;543.575.943;2021-04-26T22:46:13;Apr 98;Apr 98;Apr 98;Apr 71;37.59;37.59;37.57;37.48;32.71;0.50
61354;SPS30;47226;5.148.554.199;543.575.943;2021-04-26T22:48:38;05. Apr;05. Apr;05. Apr;Apr 76;37.98;37.98;37.96;37.85;33.03;0.54
61354;SPS30;47226;5.148.554.199;543.575.943;2021-04-26T22:51:04;Mai 20;Mai 20;Mai 20;Apr 92;39.29;39.28;39.27;39.16;34.19;0.52
61354;SPS30;47226;5.148.554.199;543.575.943;2021-04-26T22:53:30;Mai 14;Mai 14;Mai 14;Apr 86;38.79;38.79;38.77;38.67;33.76;0.50
61354;SPS30;47226;5.148.554.199;543.575.943;2021-04-26T22:55:56;Apr 99;Apr 99;Apr 99;Apr 72;37.69;37.68;37.67;37.57;32.79;0.51
61354;SPS30;47226;5.148.554.199;543.575.943;2021-04-26T22:58:22;Mai 37;Mai 37;Mai 37;05. Jul;40.51;40.50;40.49;40.38;35.25;0.52
61354;SPS30;47226;5.148.554.199;543.575.943;2021-04-26T23:00:48;Mai 34;Mai 34;Mai 34;05. Mai;40.30;40.29;40.28;40.17;35.07;0.51
61354;SPS30;47226;5.148.554.199;543.575.943;2021-04-26T23:03:14;Mai 64;Mai 64;Mai 64;Mai 34;42.62;42.61;42.60;42.48;37.09;0.53
61354;SPS30;47226;5.148.554.199;543.575.943;2021-04-26T23:05:40;Mai 43;Mai 43;Mai 43;Mai 13;40.99;40.98;40.97;40.86;35.67;0.52
61354;SPS30;47226;5.148.554.199;543.575.943;2021-04-26T23:08:06;Mai 31;Mai 31;Mai 31;05. Feb;40.07;40.06;40.05;39.94;34.87;0.51
61354;SPS30;47226;5.148.554.199;543.575.943;2021-04-26T23:10:33;Mai 22;Mai 22;Mai 22;Apr 94;39.43;39.43;39.41;39.31;34.32;0.52
61354;SPS30;47226;5.148.554.199;543.575.943;2021-04-26T23:12:59;Mai 27;Mai 27;Mai 27;Apr 98;39.79;39.78;39.77;39.66;34.62;0.50
61354;SPS30;47226;5.148.554.199;543.575.943;2021-04-26T23:15:27;Mai 25;Mai 25;Mai 25;Apr 96;39.64;39.64;39.62;39.52;34.50;0.52
61354;SPS30;47226;5.148.554.199;543.575.943;2021-04-26T23:17:53;Mai 19;Mai 19;Mai 19;Apr 91;39.22;39.22;39.20;39.10;34.13;0.51
61354;SPS30;47226;5.148.554.199;543.575.943;2021-04-26T23:20:22;Mai 15;Mai 15;Mai 15;Apr 87;38.92;38.92;38.90;38.80;33.87;0.51
61354;SPS30;47226;5.148.554.199;543.575.943;2021-04-26T23:22:50;Mai 15;Mai 15;Mai 15;Apr 87;38.89;38.88;38.87;38.77;33.84;0.53
61354;SPS30;47226;5.148.554.199;543.575.943;2021-04-26T23:25:17;Mai 45;Mai 45;Mai 45;Mai 15;41.15;41.14;41.13;41.02;35.81;0.52
61354;SPS30;47226;5.148.554.199;543.575.943;2021-04-26T23:27:44;Mai 54;Mai 54;Mai 54;Mai 24;41.85;41.85;41.83;41.72;36.42;0.52
61354;SPS30;47226;5.148.554.199;543.575.943;2021-04-26T23:30:14;Mai 39;Mai 39;Mai 38;05. Sep;40.64;40.63;40.62;40.51;35.36;0.53
61354;SPS30;47226;5.148.554.199;543.575.943;2021-04-26T23:32:44;Mai 21;Mai 21;Mai 21;Apr 92;39.33;39.32;39.31;39.20;34.22;0.52
61354;SPS30;47226;5.148.554.199;543.575.943;2021-04-26T23:35:12;Mai 38;Mai 38;Mai 38;05. Sep;40.64;40.63;40.62;40.51;35.36;0.52
61354;SPS30;47226;5.148.554.199;543.575.943;2021-04-26T23:37:39;Mai 64;Mai 64;Mai 64;Mai 34;42.60;42.59;42.58;42.47;37.07;0.52
61354;SPS30;47226;5.148.554.199;543.575.943;2021-04-26T23:40:07;Mai 53;Mai 53;Mai 53;Mai 23;41.77;41.76;41.74;41.63;36.34;0.52
61354;SPS30;47226;5.148.554.199;543.575.943;2021-04-26T23:42:35;Mai 95;Mai 95;Mai 95;Mai 63;44.97;44.96;44.94;44.82;39.13;0.50
61354;SPS30;47226;5.148.554.199;543.575.943;2021-04-26T23:45:01;Mai 74;Mai 74;Mai 74;Mai 43;43.35;43.34;43.33;43.21;37.72;0.52
61354;SPS30;47226;5.148.554.199;543.575.943;2021-04-26T23:47:26;Jun 19;Jun 19;Jun 19;Mai 86;46.76;46.76;46.74;46.62;40.69;0.53
61354;SPS30;47226;5.148.554.199;543.575.943;2021-04-26T23:49:52;Jun 56;Jun 56;Jun 56;Jun 21;49.55;49.54;49.52;49.39;43.12;0.53
61354;SPS30;47226;5.148.554.199;543.575.943;2021-04-26T23:52:18;Jun 60;Jun 60;Jun 60;Jun 24;49.85;49.85;49.83;49.70;43.38;0.53
61354;SPS30;47226;5.148.554.199;543.575.943;2021-04-26T23:54:44;06. Dez;06. Dez;06. Dez;Mai 79;46.20;46.19;46.17;46.05;40.20;0.53
61354;SPS30;47226;5.148.554.199;543.575.943;2021-04-26T23:57:10;Mai 88;Mai 88;Mai 88;Mai 56;44.40;44.39;44.38;44.26;38.64;0.51
61354;SPS30;47226;5.148.554.199;543.575.943;2021-04-26T23:59:36;Mai 89;Mai 89;Mai 88;Mai 56;44.40;44.39;44.38;44.26;38.63;0.53
